,Date,Open,High,Low,Close,Adj Close,Volume,Name
0,2020-04-06,137.419998,139.58999599999999,136.479996,138.850006,137.04183999999998,227600,IHE
1,2020-04-07,142.320007,142.320007,137.570007,137.830002,136.035126,23700,IHE
2,2020-04-08,138.5,142.770004,137.429993,142.350006,140.496262,9900,IHE
3,2020-04-09,143.940002,144.770004,143.649994,144.050003,142.174118,10000,IHE
4,2020-04-13,144.490005,144.490005,140.550003,142.169998,140.31858799999998,10400,IHE
5,2020-04-14,145.820007,146.929993,144.720001,146.580002,144.67115800000002,11100,IHE
6,2020-04-15,145.309998,145.679993,142.979996,144.740005,142.855133,13300,IHE
7,2020-04-16,145.639999,146.53999299999998,144.429993,146.309998,144.404663,16800,IHE
8,2020-04-17,149.800003,150.169998,147.740005,150.050003,148.095978,33100,IHE
9,2020-04-20,149.03999299999998,151.820007,148.03999299999998,150.240005,148.283493,12900,IHE
10,2020-04-21,148.78999299999998,148.78999299999998,145.509995,145.75,143.851974,16100,IHE
11,2020-04-22,148.690002,148.690002,146.630005,148.139999,146.21086100000002,6500,IHE
12,2020-04-23,146.179993,151.240005,146.179993,149.66000400000001,147.71106,17400,IHE
13,2020-04-24,150.899994,151.759995,149.619995,151.470001,149.497467,9400,IHE
14,2020-04-27,153.440002,155.149994,153.190002,154.449997,152.438675,22400,IHE
15,2020-04-28,155.080002,155.080002,152.110001,152.130005,150.14888,18300,IHE
16,2020-04-29,157.330002,157.330002,152.690002,154.21000700000002,152.201797,37100,IHE
17,2020-04-30,153.020004,153.020004,150.919998,152.399994,150.415375,10800,IHE
18,2020-05-01,149.690002,150.320007,147.41000400000001,148.869995,146.931351,31300,IHE
19,2020-05-04,148.029999,149.240005,147.91000400000001,149.190002,147.247177,7000,IHE
20,2020-05-05,151.020004,153.020004,151.020004,151.869995,149.892273,14500,IHE
21,2020-05-06,153.070007,153.570007,152.070007,152.110001,150.12915,9400,IHE
22,2020-05-07,151.649994,151.949997,149.5,149.5,147.553131,69300,IHE
23,2020-05-08,151.559998,151.800003,150.419998,150.96000700000002,148.99414099999998,15300,IHE
24,2020-05-11,151.479996,155.41000400000001,151.479996,155.33999599999999,153.317078,16500,IHE
25,2020-05-12,156.679993,157.360001,154.029999,154.029999,152.024155,32000,IHE
26,2020-05-13,153.190002,154.820007,151.0,151.740005,149.76396200000002,15300,IHE
27,2020-05-14,150.279999,152.820007,150.279999,152.820007,150.829926,10700,IHE
28,2020-05-15,152.360001,155.229996,152.360001,155.229996,153.208527,8300,IHE
29,2020-05-18,159.110001,159.110001,156.509995,156.800003,154.758072,196600,IHE
30,2020-05-19,156.729996,156.779999,155.0,155.199997,153.178925,19800,IHE
31,2020-05-20,157.050003,157.050003,155.070007,155.300003,153.277618,15700,IHE
32,2020-05-21,154.91000400000001,155.08999599999999,153.199997,153.940002,151.935318,9500,IHE
33,2020-05-22,154.050003,154.050003,153.300003,153.639999,151.639221,11600,IHE
34,2020-05-26,156.399994,156.399994,153.759995,153.770004,151.76753200000002,36700,IHE
35,2020-05-27,154.990005,154.990005,151.75,154.779999,152.764389,12600,IHE
36,2020-05-28,156.770004,157.28999299999998,156.059998,156.070007,154.03758200000001,11400,IHE
37,2020-05-29,156.690002,157.429993,153.949997,157.429993,155.379868,14000,IHE
38,2020-06-01,156.75,156.800003,155.470001,156.03999299999998,154.00796499999998,12000,IHE
39,2020-06-02,156.169998,157.729996,154.929993,157.71000700000002,155.656219,9700,IHE
40,2020-06-03,158.619995,158.619995,157.279999,158.080002,156.021408,10300,IHE
41,2020-06-04,156.66000400000001,157.860001,155.820007,156.350006,154.31393400000002,8700,IHE
42,2020-06-05,158.509995,159.630005,157.029999,157.369995,155.320648,22600,IHE
43,2020-06-08,156.869995,159.100006,156.869995,158.800003,156.732025,9100,IHE
44,2020-06-09,158.990005,159.5,157.979996,157.979996,155.92271399999998,9200,IHE
45,2020-06-10,159.08999599999999,159.08999599999999,156.779999,156.779999,154.738342,38800,IHE
46,2020-06-11,154.199997,155.190002,148.600006,148.600006,146.664871,19700,IHE
47,2020-06-12,151.179993,151.66000400000001,146.600006,148.690002,146.753693,16800,IHE
48,2020-06-15,146.080002,148.759995,145.270004,147.75,146.134521,32300,IHE
49,2020-06-16,151.630005,153.110001,150.490005,152.580002,150.911728,12500,IHE
50,2020-06-17,153.919998,153.919998,151.78999299999998,151.78999299999998,150.130371,5300,IHE
51,2020-06-18,150.979996,152.179993,150.979996,152.009995,150.347961,4900,IHE
52,2020-06-19,154.16000400000001,154.28999299999998,152.229996,154.28999299999998,152.603012,5600,IHE
53,2020-06-22,153.440002,154.649994,151.889999,154.649994,152.959076,4900,IHE
54,2020-06-23,155.429993,156.419998,154.889999,154.889999,153.196472,5200,IHE
55,2020-06-24,153.479996,154.199997,150.699997,151.66000400000001,150.001801,8400,IHE
56,2020-06-25,151.649994,153.570007,151.33999599999999,153.570007,151.89091499999998,13000,IHE
57,2020-06-26,153.33999599999999,153.33999599999999,150.520004,151.119995,149.467682,5900,IHE
58,2020-06-29,151.529999,152.46000700000002,150.880005,151.360001,149.70507800000001,14800,IHE
59,2020-06-30,151.96000700000002,153.91000400000001,151.96000700000002,153.880005,152.19751000000002,33200,IHE
60,2020-07-01,154.0,155.0,154.0,154.139999,152.454666,11100,IHE
61,2020-07-02,155.58999599999999,155.830002,154.389999,154.389999,152.70193500000002,6000,IHE
62,2020-07-06,155.970001,157.270004,155.779999,156.600006,154.88777199999998,3600,IHE
63,2020-07-07,156.399994,157.21000700000002,155.559998,155.759995,154.056961,11100,IHE
64,2020-07-08,155.649994,156.25,154.949997,156.199997,154.49215700000002,3600,IHE
65,2020-07-09,156.0,156.600006,153.979996,154.53999299999998,152.850281,4100,IHE
66,2020-07-10,154.580002,155.059998,154.050003,154.570007,152.879974,4700,IHE
67,2020-07-13,155.979996,158.429993,155.020004,155.020004,153.325058,9700,IHE
68,2020-07-14,155.0,157.419998,155.0,157.309998,155.58999599999999,4700,IHE
69,2020-07-15,158.970001,160.509995,158.970001,160.28999299999998,158.53741499999998,5600,IHE
70,2020-07-16,159.669998,159.669998,158.580002,159.53999299999998,157.795624,6400,IHE
71,2020-07-17,160.020004,161.16000400000001,160.020004,161.009995,159.249542,5800,IHE
72,2020-07-20,160.970001,161.669998,160.490005,160.949997,159.190201,5100,IHE
73,2020-07-21,160.990005,161.83999599999999,159.949997,159.949997,158.20114099999998,5000,IHE
74,2020-07-22,161.119995,161.119995,159.440002,160.529999,158.774811,38400,IHE
75,2020-07-23,161.309998,161.309998,158.75,159.179993,157.43956,7600,IHE
76,2020-07-24,159.529999,159.529999,156.190002,157.119995,155.40206899999998,5800,IHE
77,2020-07-27,157.979996,158.350006,156.779999,158.179993,156.45048500000001,5600,IHE
78,2020-07-28,159.149994,159.149994,157.919998,158.0,156.27246100000002,6600,IHE
79,2020-07-29,158.669998,158.990005,157.360001,158.570007,156.836227,10300,IHE
80,2020-07-30,158.520004,159.179993,157.78999299999998,158.759995,157.024139,2800,IHE
81,2020-07-31,159.570007,159.570007,156.429993,157.610001,155.886719,3500,IHE
82,2020-08-03,158.940002,161.229996,158.940002,161.21000700000002,159.447372,9100,IHE
83,2020-08-04,160.630005,161.270004,160.070007,160.800003,159.041855,7600,IHE
84,2020-08-05,162.949997,164.529999,162.350006,164.479996,162.681595,7100,IHE
85,2020-08-06,164.5,164.58999599999999,162.0,163.110001,161.326599,7200,IHE
86,2020-08-07,163.240005,164.050003,163.0,163.820007,162.02883899999998,3600,IHE
87,2020-08-10,163.83999599999999,164.28999299999998,162.850006,163.419998,161.63320900000002,18300,IHE
88,2020-08-11,164.940002,164.940002,161.380005,161.380005,159.615509,4700,IHE
89,2020-08-12,162.71000700000002,163.600006,162.71000700000002,163.309998,161.52441399999998,32800,IHE
90,2020-08-13,163.110001,163.110001,161.899994,162.91000400000001,161.128784,4600,IHE
91,2020-08-14,162.779999,163.869995,162.429993,163.080002,161.296921,3000,IHE
92,2020-08-17,164.020004,165.630005,163.720001,165.520004,163.710251,6100,IHE
93,2020-08-18,165.220001,165.220001,163.5,164.830002,163.02778600000002,2600,IHE
94,2020-08-19,165.649994,166.300003,165.169998,165.169998,163.364059,5300,IHE
95,2020-08-20,164.78999299999998,165.860001,164.78999299999998,165.649994,163.838806,5100,IHE
96,2020-08-21,165.220001,165.350006,164.130005,165.190002,163.38385,3600,IHE
97,2020-08-24,165.860001,166.199997,164.259995,165.080002,163.275055,8000,IHE
98,2020-08-25,165.419998,166.029999,165.110001,165.979996,164.165207,19900,IHE
99,2020-08-26,165.940002,165.940002,164.729996,165.419998,163.61132800000001,8900,IHE
100,2020-08-27,166.490005,166.490005,164.970001,165.690002,163.878387,4600,IHE
101,2020-08-28,165.869995,166.300003,165.100006,166.300003,164.48172,2700,IHE
102,2020-08-31,166.830002,167.71000700000002,166.080002,167.580002,165.747726,5400,IHE
103,2020-09-01,168.179993,168.179993,164.729996,165.149994,163.34428400000002,5900,IHE
104,2020-09-02,164.860001,168.25,164.860001,168.25,166.41038500000002,5700,IHE
105,2020-09-03,167.850006,167.850006,163.720001,164.139999,162.345337,5600,IHE
106,2020-09-04,164.949997,164.949997,161.809998,163.229996,161.44528200000002,2700,IHE
107,2020-09-08,163.029999,163.029999,160.740005,160.91000400000001,159.150665,4700,IHE
108,2020-09-09,164.190002,165.559998,164.190002,164.580002,162.78053300000002,6100,IHE
109,2020-09-10,164.729996,164.729996,161.699997,161.699997,159.932007,3800,IHE
110,2020-09-11,162.110001,162.419998,161.279999,161.970001,160.199051,2900,IHE
111,2020-09-14,163.740005,165.899994,163.740005,165.570007,163.759705,2500,IHE
112,2020-09-15,166.929993,166.970001,166.03999299999998,166.229996,164.412476,3900,IHE
113,2020-09-16,167.009995,167.75,166.46000700000002,167.029999,165.20373500000002,10500,IHE
114,2020-09-17,165.429993,166.240005,165.429993,166.169998,164.353119,4100,IHE
115,2020-09-18,167.199997,167.520004,165.639999,167.46000700000002,165.629044,3700,IHE
116,2020-09-21,165.179993,165.440002,160.990005,162.66000400000001,160.881516,5000,IHE
117,2020-09-22,162.809998,163.369995,162.029999,163.059998,161.277145,2500,IHE
118,2020-09-23,163.570007,163.570007,160.809998,160.809998,159.746323,3100,IHE
119,2020-09-24,160.270004,160.270004,158.970001,159.619995,158.564209,1500,IHE
120,2020-09-25,159.279999,161.240005,159.190002,160.940002,159.875473,2900,IHE
121,2020-09-28,162.220001,162.580002,161.440002,161.96000700000002,160.888733,3100,IHE
122,2020-09-29,162.33999599999999,162.600006,161.449997,161.449997,160.382095,9500,IHE
123,2020-09-30,161.58999599999999,164.110001,161.58999599999999,163.529999,162.448349,3400,IHE
124,2020-10-01,163.58999599999999,163.58999599999999,162.490005,162.929993,161.85231000000002,7300,IHE
125,2020-10-02,160.449997,162.740005,160.449997,161.66000400000001,160.590714,4900,IHE
126,2020-10-05,165.520004,167.080002,165.520004,167.080002,165.97486899999998,3700,IHE
127,2020-10-06,167.58999599999999,167.58999599999999,164.899994,165.03999299999998,163.948349,2700,IHE
128,2020-10-07,166.110001,168.229996,165.850006,167.919998,166.809296,4200,IHE
129,2020-10-08,169.330002,170.669998,169.330002,170.669998,169.541122,4000,IHE
130,2020-10-09,170.940002,172.419998,170.940002,171.919998,170.782852,3600,IHE
131,2020-10-12,172.220001,172.580002,171.889999,172.130005,170.99147,3500,IHE
132,2020-10-13,170.91000400000001,171.03999299999998,169.75,170.520004,169.39210500000002,4200,IHE
133,2020-10-14,171.130005,171.130005,169.08999599999999,169.550003,168.428528,7800,IHE
134,2020-10-15,167.779999,168.429993,167.610001,168.429993,167.315933,1900,IHE
135,2020-10-16,168.800003,170.33999599999999,168.800003,169.419998,168.29939299999998,2700,IHE
136,2020-10-19,170.050003,170.050003,166.100006,166.440002,165.33909599999998,4200,IHE
137,2020-10-20,167.330002,167.330002,165.690002,165.940002,164.842392,2700,IHE
138,2020-10-21,166.229996,166.229996,164.580002,164.580002,163.491409,4100,IHE
139,2020-10-22,164.949997,167.179993,164.949997,167.139999,166.034454,4800,IHE
140,2020-10-23,167.690002,168.110001,166.899994,168.110001,166.99804699999999,3000,IHE
141,2020-10-26,166.800003,166.800003,164.779999,165.949997,164.852325,3800,IHE
142,2020-10-27,165.279999,165.860001,164.66000400000001,164.66000400000001,163.570877,3400,IHE
143,2020-10-28,162.429993,162.429993,160.350006,160.649994,159.587387,4500,IHE
144,2020-10-29,160.149994,161.179993,158.300003,160.679993,159.617188,7600,IHE
145,2020-10-30,160.029999,160.729996,157.929993,159.020004,157.96817,5200,IHE
146,2020-11-02,160.800003,161.66000400000001,159.779999,161.559998,160.49136399999998,7600,IHE
147,2020-11-03,163.78999299999998,164.399994,162.78999299999998,163.119995,162.041046,28300,IHE
148,2020-11-04,165.020004,172.0,165.020004,169.369995,168.24971000000002,40100,IHE
149,2020-11-05,171.46000700000002,171.46000700000002,169.119995,169.119995,168.001358,64500,IHE
150,2020-11-06,168.759995,168.990005,167.75,167.75,166.640427,3800,IHE
151,2020-11-09,175.669998,175.669998,170.929993,170.929993,169.79939299999998,14900,IHE
152,2020-11-10,172.470001,173.270004,170.779999,172.610001,171.468292,15900,IHE
153,2020-11-11,173.649994,173.649994,171.929993,172.449997,171.309341,5900,IHE
154,2020-11-12,172.83999599999999,172.83999599999999,170.360001,170.970001,169.83914199999998,11200,IHE
155,2020-11-13,172.610001,173.300003,172.449997,173.300003,172.153717,4000,IHE
156,2020-11-16,174.970001,174.970001,172.429993,172.71000700000002,171.56762700000002,8100,IHE
157,2020-11-17,173.5,174.330002,172.720001,173.630005,172.481552,23400,IHE
158,2020-11-18,174.889999,174.889999,171.149994,171.169998,170.037811,17000,IHE
159,2020-11-19,171.800003,173.110001,171.03999299999998,173.110001,171.964981,8300,IHE
160,2020-11-20,173.149994,173.300003,171.91000400000001,171.970001,170.83252,11200,IHE
161,2020-11-23,172.33999599999999,172.33999599999999,170.399994,171.020004,169.888809,225800,IHE
162,2020-11-24,171.330002,171.889999,170.699997,170.979996,169.84906,11100,IHE
163,2020-11-25,171.050003,171.050003,169.66000400000001,170.529999,169.402039,10200,IHE
164,2020-11-27,171.5,171.880005,171.46000700000002,171.880005,170.74311799999998,4200,IHE
165,2020-11-30,172.309998,172.309998,170.28999299999998,170.990005,169.85900900000001,11700,IHE
166,2020-12-01,172.059998,172.78999299999998,172.059998,172.520004,171.378876,4200,IHE
167,2020-12-02,172.770004,173.470001,172.729996,172.869995,171.726563,3700,IHE
168,2020-12-03,172.869995,173.889999,172.470001,172.83999599999999,171.696762,5600,IHE
169,2020-12-04,173.630005,175.100006,173.630005,175.100006,173.94181799999998,6100,IHE
170,2020-12-07,175.66000400000001,175.66000400000001,173.809998,174.429993,173.276245,12600,IHE
171,2020-12-08,174.669998,176.600006,174.669998,176.550003,175.382233,6500,IHE
172,2020-12-09,177.33999599999999,177.679993,174.899994,175.869995,174.706711,5300,IHE
173,2020-12-10,176.0,176.53999299999998,175.669998,176.520004,175.352432,9100,IHE
174,2020-12-11,176.0,176.369995,175.190002,175.949997,174.786179,3100,IHE
175,2020-12-14,176.779999,177.5,174.940002,174.940002,174.303955,6300,IHE
176,2020-12-15,176.369995,178.199997,175.880005,178.119995,177.472382,19200,IHE
177,2020-12-16,178.509995,178.509995,176.820007,176.820007,176.177124,19400,IHE
178,2020-12-17,177.229996,177.740005,176.479996,177.580002,176.934357,5000,IHE
179,2020-12-18,178.0,178.0,176.309998,177.630005,176.984177,8300,IHE
180,2020-12-21,174.759995,175.699997,173.479996,175.490005,174.85195900000002,10900,IHE
181,2020-12-22,175.449997,176.470001,175.330002,176.28999299999998,175.649033,5200,IHE
182,2020-12-23,177.16000400000001,177.16000400000001,176.550003,176.779999,176.13725300000002,15800,IHE
183,2020-12-24,177.130005,177.529999,176.929993,177.25,176.605545,2000,IHE
184,2020-12-28,178.0,178.570007,176.699997,176.78999299999998,176.14721699999998,20800,IHE
185,2020-12-29,176.860001,177.270004,176.33999599999999,177.119995,176.476013,4400,IHE
186,2020-12-30,178.0,178.75,178.0,178.320007,177.671661,7400,IHE
187,2020-12-31,178.179993,179.740005,177.28999299999998,179.440002,178.787598,8600,IHE
188,2021-01-04,179.440002,179.440002,176.220001,178.21000700000002,177.562073,6300,IHE
189,2021-01-05,177.279999,179.16000400000001,177.279999,179.16000400000001,178.50860600000001,3900,IHE
190,2021-01-06,177.320007,182.0,177.320007,180.770004,180.112762,7700,IHE
191,2021-01-07,180.96000700000002,183.330002,180.96000700000002,183.059998,182.394424,6500,IHE
192,2021-01-08,182.850006,183.809998,182.08999599999999,183.009995,182.344604,3400,IHE
193,2021-01-11,182.830002,185.580002,182.830002,185.119995,184.44693,13400,IHE
194,2021-01-12,184.66000400000001,185.630005,183.279999,184.119995,183.45056200000002,6900,IHE
195,2021-01-13,184.360001,184.360001,183.240005,183.240005,182.573776,5800,IHE
196,2021-01-14,184.259995,185.020004,183.639999,184.419998,183.749481,5200,IHE
197,2021-01-15,183.970001,184.100006,182.320007,183.820007,183.151672,20600,IHE
198,2021-01-19,185.03999299999998,186.100006,185.03999299999998,186.100006,185.42338600000002,32900,IHE
199,2021-01-20,186.169998,186.470001,185.059998,185.25,184.57646200000002,6300,IHE
200,2021-01-21,185.020004,185.020004,182.71000700000002,183.53999299999998,182.872681,8000,IHE
201,2021-01-22,182.71000700000002,185.020004,182.71000700000002,184.729996,184.05835,5700,IHE
202,2021-01-25,185.229996,186.350006,184.440002,186.350006,185.67247,9700,IHE
203,2021-01-26,187.380005,188.100006,185.990005,186.240005,185.56286599999999,11500,IHE
204,2021-01-27,184.830002,184.830002,181.169998,181.33999599999999,180.680679,12800,IHE
205,2021-01-28,182.279999,184.119995,182.279999,182.759995,182.095505,7400,IHE
206,2021-01-29,183.229996,183.229996,178.139999,179.809998,179.156235,11700,IHE
207,2021-02-01,181.0,182.220001,180.559998,181.059998,180.401703,23300,IHE
208,2021-02-02,184.050003,184.050003,181.940002,181.940002,181.278503,11600,IHE
209,2021-02-03,181.490005,181.720001,180.830002,181.220001,180.561111,4300,IHE
210,2021-02-04,182.190002,182.279999,181.53999299999998,182.190002,181.52758799999998,5700,IHE
211,2021-02-05,183.779999,183.779999,182.380005,182.970001,182.304749,2900,IHE
212,2021-02-08,184.419998,184.550003,183.679993,184.550003,183.879013,10400,IHE
213,2021-02-09,185.0,185.669998,184.800003,185.139999,184.466858,4800,IHE
214,2021-02-10,186.0,186.190002,185.360001,185.380005,184.705994,3400,IHE
215,2021-02-11,186.050003,186.050003,184.889999,185.929993,185.253983,2900,IHE
216,2021-02-12,185.070007,185.850006,185.0,185.779999,185.104538,3200,IHE
217,2021-02-16,185.759995,185.800003,184.020004,184.449997,183.779373,8300,IHE
218,2021-02-17,183.520004,185.009995,183.520004,185.009995,184.337326,3100,IHE
219,2021-02-18,184.130005,184.320007,183.529999,183.529999,182.862717,11100,IHE
220,2021-02-19,184.300003,184.300003,182.729996,182.729996,182.065628,3600,IHE
221,2021-02-22,182.009995,182.009995,180.0,180.320007,179.664398,2800,IHE
222,2021-02-23,179.96000700000002,179.96000700000002,177.690002,179.0,178.349182,6700,IHE
223,2021-02-24,180.070007,183.419998,180.070007,182.5,181.836456,4700,IHE
224,2021-02-25,182.619995,182.619995,179.399994,180.25,179.59465,6100,IHE
225,2021-02-26,180.369995,180.690002,177.639999,179.059998,178.408966,5400,IHE
226,2021-03-01,181.059998,181.080002,179.809998,180.190002,179.534866,28300,IHE
227,2021-03-02,180.199997,180.199997,178.91000400000001,178.91000400000001,178.259521,4300,IHE
228,2021-03-03,178.770004,178.770004,175.669998,176.149994,175.50953700000002,16600,IHE
229,2021-03-04,175.059998,175.389999,170.479996,171.779999,171.155441,10500,IHE
230,2021-03-05,173.649994,174.970001,170.369995,174.970001,174.333847,18500,IHE
231,2021-03-08,175.830002,176.919998,174.729996,174.729996,174.09471100000002,3200,IHE
232,2021-03-09,175.720001,178.470001,175.720001,176.66000400000001,176.0177,4900,IHE
233,2021-03-10,177.550003,178.75,177.550003,177.850006,177.20336899999998,3900,IHE
234,2021-03-11,179.350006,179.809998,178.639999,179.570007,178.91713000000001,3700,IHE
235,2021-03-12,179.080002,180.58999599999999,179.080002,180.58999599999999,179.933395,1700,IHE
236,2021-03-15,181.08999599999999,181.08999599999999,179.830002,180.979996,180.321991,6600,IHE
237,2021-03-16,180.58999599999999,181.229996,179.619995,180.190002,179.534866,31900,IHE
238,2021-03-17,180.119995,181.509995,179.119995,181.220001,180.561111,49100,IHE
239,2021-03-18,179.679993,181.360001,178.770004,178.770004,178.120026,3000,IHE
240,2021-03-19,178.720001,179.619995,178.58999599999999,179.520004,178.867294,6200,IHE
241,2021-03-22,179.229996,179.949997,179.080002,179.899994,179.245911,5000,IHE
242,2021-03-23,179.080002,179.080002,176.100006,176.190002,175.549408,2900,IHE
243,2021-03-24,177.259995,177.259995,174.649994,174.649994,174.014999,3600,IHE
244,2021-03-25,172.830002,174.820007,172.770004,174.479996,174.479996,3000,IHE
245,2021-03-26,174.639999,176.440002,174.639999,176.440002,176.440002,3200,IHE
246,2021-03-29,175.470001,177.199997,175.470001,176.399994,176.399994,6000,IHE
247,2021-03-30,176.25,176.690002,175.91000400000001,176.070007,176.070007,14100,IHE
248,2021-03-31,176.940002,178.149994,176.83999599999999,177.649994,177.649994,2700,IHE
249,2021-04-01,177.78999299999998,177.78999299999998,176.800003,176.800003,176.800003,4700,IHE
250,2021-04-05,177.28999299999998,177.669998,176.559998,176.880005,176.880005,5600,IHE
251,2020-04-06,56.099998,56.77,55.630001,56.52,56.068714,43800,PJP
252,2020-04-07,57.689999,57.689999,55.990002000000004,55.990002000000004,55.54294599999999,57800,PJP
253,2020-04-08,56.5,58.099998,56.110001000000004,57.950001,57.48729300000001,12700,PJP
254,2020-04-09,58.439999,59.099998,58.369999,58.82,58.350353000000005,28100,PJP
255,2020-04-13,59.25,59.25,58.169998,58.939999,58.469387,44900,PJP
256,2020-04-14,59.990002000000004,60.509997999999996,59.75,60.200001,59.71933000000001,38800,PJP
257,2020-04-15,59.009997999999996,59.830002,58.810001,59.400002,58.92572,49300,PJP
258,2020-04-16,59.549999,60.16,59.439999,60.119999,59.639973,19800,PJP
259,2020-04-17,62.189999,62.189999,61.0,61.91,61.415676,57800,PJP
260,2020-04-20,61.290001000000004,62.759997999999996,61.290001000000004,61.700001,61.20735500000001,30000,PJP
261,2020-04-21,61.0,61.0,59.82,59.82,59.342365,34300,PJP
262,2020-04-22,60.630001,60.650002,60.0,60.25,59.76893199999999,28300,PJP
263,2020-04-23,60.5,61.790001000000004,60.5,60.790001000000004,60.304623,24400,PJP
264,2020-04-24,61.310001,62.0,61.310001,61.98,61.485119,32800,PJP
265,2020-04-27,62.57,63.5,62.560001,63.189999,62.685455000000005,42100,PJP
266,2020-04-28,64.059998,64.059998,62.25,62.279999,61.782722,44900,PJP
267,2020-04-29,63.209998999999996,63.48,62.509997999999996,63.09,62.586257999999994,40800,PJP
268,2020-04-30,63.040001000000004,63.040001000000004,62.09,62.459998999999996,61.961288,30700,PJP
269,2020-05-01,62.23,62.23,60.84,61.419998,60.929588,19400,PJP
270,2020-05-04,61.279999,61.599998,60.900002,61.59,61.098231999999996,14200,PJP
271,2020-05-05,62.490002000000004,63.060001,62.380001,62.560001,62.06049300000001,31600,PJP
272,2020-05-06,63.009997999999996,63.25,62.639998999999996,62.720001,62.219212,53100,PJP
273,2020-05-07,63.349998,63.349998,62.23,62.23,61.73311999999999,42100,PJP
274,2020-05-08,62.759997999999996,63.040001000000004,62.57,62.889998999999996,62.387848,45300,PJP
275,2020-05-11,62.580002,64.57,62.580002,64.400002,63.885796,44500,PJP
276,2020-05-12,64.980003,65.150002,63.529999,63.560001,63.052505000000004,59900,PJP
277,2020-05-13,63.419998,64.230003,62.279999,62.77,62.268809999999995,36400,PJP
278,2020-05-14,62.009997999999996,62.599998,61.709998999999996,62.599998,62.100166,33200,PJP
279,2020-05-15,62.200001,63.389998999999996,62.200001,63.299999,62.794579000000006,83400,PJP
280,2020-05-18,64.949997,64.949997,64.349998,64.389999,63.875877,29300,PJP
281,2020-05-19,64.440002,64.459999,63.650002,63.650002,63.141785,15900,PJP
282,2020-05-20,64.120003,64.290001,63.720001,63.849998,63.340182999999996,14200,PJP
283,2020-05-21,63.790001000000004,63.790001000000004,63.07,63.549999,63.04258299999999,11900,PJP
284,2020-05-22,63.5,63.689999,63.34,63.68,63.171547,9800,PJP
285,2020-05-26,64.769997,64.769997,63.299999,63.330002,62.824344999999994,12500,PJP
286,2020-05-27,63.41,63.740002000000004,62.16,63.709998999999996,63.201305000000005,41900,PJP
287,2020-05-28,64.449997,65.0,64.220001,64.220001,63.707237,42000,PJP
288,2020-05-29,64.110001,64.900002,63.509997999999996,64.769997,64.25284599999999,24400,PJP
289,2020-06-01,64.529999,64.779999,64.360001,64.519997,64.004837,13100,PJP
290,2020-06-02,64.400002,64.510002,63.84,64.41999799999999,63.905632,50300,PJP
291,2020-06-03,64.650002,64.730003,64.139999,64.599998,64.08420600000001,34800,PJP
292,2020-06-04,64.290001,64.68,64.139999,64.32,63.806427,13500,PJP
293,2020-06-05,64.790001,65.5,64.790001,64.940002,64.421494,18500,PJP
294,2020-06-08,65.129997,65.709999,64.720001,65.559998,65.036537,19400,PJP
295,2020-06-09,65.349998,65.709999,64.980003,65.059998,64.540527,37400,PJP
296,2020-06-10,65.150002,65.18,64.260002,64.269997,63.756831999999996,19600,PJP
297,2020-06-11,63.009997999999996,63.349998,61.110001000000004,61.110001000000004,60.622066000000004,27800,PJP
298,2020-06-12,62.509997999999996,62.509997999999996,59.91,61.02,60.532784,33000,PJP
299,2020-06-15,60.220001,61.830002,59.740002000000004,61.599998,61.10815,30900,PJP
300,2020-06-16,62.91,63.459998999999996,62.810001,63.25,62.744976,16700,PJP
301,2020-06-17,63.560001,63.740002000000004,63.0,63.169998,62.665615,7900,PJP
302,2020-06-18,62.700001,63.220001,62.700001,63.060001,62.556495999999996,12400,PJP
303,2020-06-19,63.869999,64.07,63.240002000000004,64.010002,63.498909,8300,PJP
304,2020-06-22,63.799999,64.400002,63.32,64.309998,63.952374,23000,PJP
305,2020-06-23,64.769997,65.059998,64.349998,64.349998,63.992149,20200,PJP
306,2020-06-24,63.869999,64.160004,62.759997999999996,63.130001,62.778934,34000,PJP
307,2020-06-25,63.16,64.349998,63.16,64.349998,63.992149,8800,PJP
308,2020-06-26,63.889998999999996,64.089996,63.150002,63.259997999999996,62.908211,14800,PJP
309,2020-06-29,63.860001000000004,64.43,63.639998999999996,63.970001,63.614265,18000,PJP
310,2020-06-30,64.050003,65.0,63.740002000000004,64.720001,64.36009200000001,54300,PJP
311,2020-07-01,64.739998,65.589996,64.709999,65.379997,65.016418,42000,PJP
312,2020-07-02,65.980003,66.0,65.339996,65.519997,65.155647,29000,PJP
313,2020-07-06,66.150002,66.610001,65.91999799999999,65.989998,65.623032,60900,PJP
314,2020-07-07,65.860001,66.480003,65.559998,65.559998,65.195419,15900,PJP
315,2020-07-08,65.870003,66.08000200000001,65.209999,65.559998,65.195419,19800,PJP
316,2020-07-09,65.57,65.860001,64.360001,65.160004,64.797653,20900,PJP
317,2020-07-10,65.07,65.449997,64.809998,65.08000200000001,64.718094,272700,PJP
318,2020-07-13,65.33000200000001,66.550003,64.760002,64.839996,64.479416,78000,PJP
319,2020-07-14,65.0,66.059998,64.739998,66.059998,65.692642,115400,PJP
320,2020-07-15,66.510002,67.389999,66.510002,67.309998,66.935684,36500,PJP
321,2020-07-16,67.010002,67.010002,66.260002,66.910004,66.537918,20600,PJP
322,2020-07-17,67.07,67.690002,67.07,67.449997,67.074913,11200,PJP
323,2020-07-20,67.489998,67.860001,67.220001,67.349998,66.975471,20000,PJP
324,2020-07-21,67.400002,67.519997,66.5,66.540001,66.169975,19300,PJP
325,2020-07-22,66.870003,66.959999,66.339996,66.620003,66.249527,22700,PJP
326,2020-07-23,66.870003,66.870003,65.83000200000001,66.029999,65.66280400000001,129900,PJP
327,2020-07-24,65.889999,65.889999,64.550003,64.959999,64.59875500000001,27300,PJP
328,2020-07-27,65.040001,66.160004,65.040001,66.099998,65.732414,12300,PJP
329,2020-07-28,66.410004,66.41999799999999,65.83000200000001,65.83000200000001,65.46392800000001,9900,PJP
330,2020-07-29,65.989998,66.43,65.699997,66.190002,65.821922,20000,PJP
331,2020-07-30,65.58000200000001,66.059998,65.269997,65.839996,65.473854,18700,PJP
332,2020-07-31,66.0,66.0,64.33000200000001,64.970001,64.608711,26300,PJP
333,2020-08-03,65.300003,66.599998,65.290001,66.519997,66.150085,28000,PJP
334,2020-08-04,66.550003,66.650002,66.040001,66.260002,65.891533,19500,PJP
335,2020-08-05,66.809998,67.059998,66.400002,67.040001,66.667198,16200,PJP
336,2020-08-06,67.089996,67.58000200000001,66.290001,66.660004,66.289314,10400,PJP
337,2020-08-07,66.41999799999999,66.93,66.370003,66.720001,66.34897600000001,14900,PJP
338,2020-08-10,66.849998,66.989998,66.309998,66.5,66.130196,11300,PJP
339,2020-08-11,66.300003,66.370003,65.300003,65.41999799999999,65.056198,12100,PJP
340,2020-08-12,65.849998,66.32,65.849998,66.209999,65.841812,9100,PJP
341,2020-08-13,66.279999,66.5,66.010002,66.16999799999999,65.802025,11600,PJP
342,2020-08-14,65.989998,66.489998,65.989998,66.25,65.881584,9500,PJP
343,2020-08-17,66.459999,67.120003,66.449997,66.910004,66.537918,19000,PJP
344,2020-08-18,67.16999799999999,67.16999799999999,65.940002,66.379997,66.010864,23000,PJP
345,2020-08-19,66.260002,66.68,66.129997,66.129997,65.762245,18000,PJP
346,2020-08-20,65.91999799999999,66.07,65.610001,66.019997,65.652863,9400,PJP
347,2020-08-21,65.91999799999999,65.91999799999999,64.93,65.190002,64.827484,9800,PJP
348,2020-08-24,65.559998,65.559998,64.690002,64.879997,64.519203,14900,PJP
349,2020-08-25,65.040001,65.209999,64.91999799999999,65.18,64.81753499999999,13300,PJP
350,2020-08-26,65.209999,65.209999,64.620003,65.099998,64.737976,10100,PJP
351,2020-08-27,65.07,65.529999,64.93,65.309998,64.946815,15400,PJP
352,2020-08-28,65.389999,65.389999,64.980003,65.379997,65.016418,7200,PJP
353,2020-08-31,65.239998,65.83000200000001,65.040001,65.620003,65.255096,20100,PJP
354,2020-09-01,65.279999,65.279999,64.110001,64.309998,63.952374,23800,PJP
355,2020-09-02,64.400002,66.699997,64.379997,66.5,66.130196,43100,PJP
356,2020-09-03,66.110001,66.650002,64.610001,64.989998,64.62859300000001,17300,PJP
357,2020-09-04,65.279999,65.389999,64.0,64.970001,64.608711,17800,PJP
358,2020-09-08,64.529999,64.529999,63.66,63.66,63.305988,142600,PJP
359,2020-09-09,64.040001,65.129997,64.040001,64.629997,64.27059200000001,10600,PJP
360,2020-09-10,64.629997,64.629997,63.400002,63.400002,63.047436,19700,PJP
361,2020-09-11,63.509997999999996,64.0,63.139998999999996,63.459998999999996,63.107098,25200,PJP
362,2020-09-14,63.91,64.940002,63.91,64.690002,64.330261,13600,PJP
363,2020-09-15,65.0,65.449997,64.959999,65.029999,64.66836500000001,41600,PJP
364,2020-09-16,65.220001,65.800003,65.220001,65.279999,64.916977,16000,PJP
365,2020-09-17,64.75,65.33000200000001,64.739998,65.07,64.708145,8500,PJP
366,2020-09-18,65.379997,65.379997,64.470001,65.190002,64.827484,8000,PJP
367,2020-09-21,63.900002,63.900002,62.75,63.450001,63.210606000000006,10600,PJP
368,2020-09-22,63.330002,63.549999,62.66,63.459998999999996,63.220566000000005,14700,PJP
369,2020-09-23,63.619999,63.68,62.619999,62.619999,62.383736,6900,PJP
370,2020-09-24,62.240002000000004,62.299999,61.630001,61.98,61.746151,24700,PJP
371,2020-09-25,62.080002,62.880001,62.0,62.849998,62.612868999999996,36700,PJP
372,2020-09-28,63.240002000000004,63.459998999999996,62.98,63.25,63.011359999999996,10500,PJP
373,2020-09-29,63.080002,63.48,62.880001,63.07,62.832039,10300,PJP
374,2020-09-30,63.02,64.239998,63.02,63.869999,63.629020999999995,8900,PJP
375,2020-10-01,64.139999,64.300003,63.700001,63.950001,63.70871700000001,10500,PJP
376,2020-10-02,62.91,63.799999,62.91,63.200001,62.961548,11900,PJP
377,2020-10-05,63.720001,64.970001,63.720001,64.93,64.68502,8200,PJP
378,2020-10-06,65.019997,65.599998,64.470001,64.470001,64.226761,7700,PJP
379,2020-10-07,65.099998,65.559998,65.089996,65.440002,65.1931,7800,PJP
380,2020-10-08,65.900002,66.739998,65.900002,66.559998,66.308868,21200,PJP
381,2020-10-09,66.760002,67.160004,66.639999,66.760002,66.50811800000001,28200,PJP
382,2020-10-12,66.879997,66.989998,66.400002,66.650002,66.39852900000001,17100,PJP
383,2020-10-13,66.059998,66.300003,65.93,66.199997,65.950226,7900,PJP
384,2020-10-14,66.110001,66.389999,65.989998,65.989998,65.74101999999999,6600,PJP
385,2020-10-15,65.199997,65.68,65.0,65.58000200000001,65.332573,9600,PJP
386,2020-10-16,65.5,66.5,65.5,65.940002,65.69120799999999,7800,PJP
387,2020-10-19,66.059998,66.300003,65.120003,65.160004,64.914162,11100,PJP
388,2020-10-20,65.25,65.370003,64.940002,65.110001,64.86434200000001,6100,PJP
389,2020-10-21,65.019997,65.199997,64.050003,64.050003,63.80834599999999,21200,PJP
390,2020-10-22,64.139999,65.370003,64.139999,65.25,65.003815,16300,PJP
391,2020-10-23,65.57,65.620003,65.160004,65.459999,65.21302,9600,PJP
392,2020-10-26,64.889999,65.160004,64.32,64.699997,64.455887,8100,PJP
393,2020-10-27,64.519997,64.839996,64.190002,64.190002,63.947815000000006,6500,PJP
394,2020-10-28,63.060001,63.060001,62.34,62.34,62.10479399999999,11100,PJP
395,2020-10-29,62.060001,62.810001,61.43,62.5,62.264187,13600,PJP
396,2020-10-30,61.98,61.98,61.540001000000004,61.869999,61.636566,19200,PJP
397,2020-11-02,62.950001,62.950001,62.099998,62.790001000000004,62.553096999999994,12200,PJP
398,2020-11-03,63.720001,63.720001,62.82,63.060001,62.822079,22900,PJP
399,2020-11-04,64.190002,67.209999,64.190002,66.43,66.179367,51600,PJP
400,2020-11-05,67.07,67.07,66.029999,66.089996,65.840637,29300,PJP
401,2020-11-06,66.239998,66.239998,64.82,64.980003,64.734833,11700,PJP
402,2020-11-09,66.940002,66.940002,65.610001,65.620003,65.372421,27500,PJP
403,2020-11-10,65.57,66.83000200000001,65.57,66.690002,66.438377,12400,PJP
404,2020-11-11,67.050003,67.610001,66.760002,66.980003,66.727287,10200,PJP
405,2020-11-12,66.66999799999999,66.980003,65.959999,66.160004,65.91038499999999,10900,PJP
406,2020-11-13,66.660004,67.25,66.389999,67.139999,66.88668100000001,16200,PJP
407,2020-11-16,67.459999,67.510002,67.0,67.08000200000001,66.826912,11000,PJP
408,2020-11-17,67.08000200000001,67.470001,66.650002,67.269997,67.01619000000001,17000,PJP
409,2020-11-18,67.43,67.720001,66.489998,66.489998,66.239136,16400,PJP
410,2020-11-19,67.0,67.529999,66.66999799999999,67.529999,67.27520799999999,11600,PJP
411,2020-11-20,67.66999799999999,67.690002,67.309998,67.510002,67.255287,9100,PJP
412,2020-11-23,67.720001,67.800003,66.900002,67.089996,66.836861,14600,PJP
413,2020-11-24,67.32,67.650002,67.160004,67.220001,66.966385,47400,PJP
414,2020-11-25,67.230003,67.230003,66.66999799999999,66.809998,66.55792199999999,16600,PJP
415,2020-11-27,67.0,67.650002,67.0,67.620003,67.364876,9000,PJP
416,2020-11-30,67.57,67.709999,66.599998,66.849998,66.597778,31200,PJP
417,2020-12-01,67.360001,67.639999,67.199997,67.300003,67.046082,14300,PJP
418,2020-12-02,67.489998,67.82,67.300003,67.57,67.31505600000001,14100,PJP
419,2020-12-03,67.639999,67.93,67.449997,67.690002,67.434608,11600,PJP
420,2020-12-04,67.629997,68.449997,67.629997,68.360001,68.102074,19800,PJP
421,2020-12-07,68.529999,68.529999,67.690002,67.879997,67.623886,7700,PJP
422,2020-12-08,67.760002,68.959999,67.760002,68.959999,68.699814,11400,PJP
423,2020-12-09,69.16999799999999,69.33000200000001,67.970001,68.599998,68.341171,6300,PJP
424,2020-12-10,68.309998,69.0,68.309998,68.940002,68.679893,6700,PJP
425,2020-12-11,68.610001,68.800003,68.389999,68.650002,68.390984,6000,PJP
426,2020-12-14,69.610001,70.760002,69.610001,69.900002,69.636269,37500,PJP
427,2020-12-15,70.480003,70.610001,69.720001,70.610001,70.34359,8900,PJP
428,2020-12-16,70.519997,70.699997,70.260002,70.440002,70.17423199999999,14800,PJP
429,2020-12-17,70.260002,70.870003,70.160004,70.870003,70.602615,10200,PJP
430,2020-12-18,71.0,71.0,70.309998,70.660004,70.39341,8400,PJP
431,2020-12-21,69.58000200000001,70.0,68.879997,69.900002,69.76561,8800,PJP
432,2020-12-22,69.800003,69.980003,69.540001,69.739998,69.605919,8300,PJP
433,2020-12-23,70.099998,70.5,70.099998,70.279999,70.144875,10700,PJP
434,2020-12-24,70.279999,70.800003,70.279999,70.760002,70.62395500000001,5300,PJP
435,2020-12-28,71.0,71.150002,70.360001,70.379997,70.244682,15200,PJP
436,2020-12-29,70.529999,70.870003,70.220001,70.510002,70.37443499999999,12000,PJP
437,2020-12-30,70.620003,71.309998,70.620003,71.0,70.863495,12600,PJP
438,2020-12-31,71.139999,71.400002,70.610001,71.400002,71.262726,6100,PJP
439,2021-01-04,71.57,71.879997,70.690002,71.629997,71.49227900000001,8500,PJP
440,2021-01-05,71.470001,72.349998,71.309998,72.129997,71.991318,15300,PJP
441,2021-01-06,71.290001,73.540001,71.290001,73.230003,73.08921099999999,59300,PJP
442,2021-01-07,73.239998,74.25,73.239998,74.209999,74.06732199999999,30200,PJP
443,2021-01-08,74.239998,74.279999,73.379997,74.150002,74.007439,9900,PJP
444,2021-01-11,74.150002,75.32,74.150002,75.199997,75.05542,16500,PJP
445,2021-01-12,75.029999,75.529999,74.739998,74.879997,74.73603100000001,12200,PJP
446,2021-01-13,75.209999,75.360001,74.870003,75.089996,74.945625,13400,PJP
447,2021-01-14,75.209999,76.379997,75.209999,76.209999,76.063477,18900,PJP
448,2021-01-15,75.769997,76.41999799999999,75.769997,76.120003,75.973656,84800,PJP
449,2021-01-19,76.650002,77.610001,76.650002,77.349998,77.201286,92700,PJP
450,2021-01-20,77.540001,77.870003,77.139999,77.300003,77.151382,69900,PJP
451,2021-01-21,77.300003,77.300003,76.050003,76.510002,76.3629,17000,PJP
452,2021-01-22,76.190002,77.25,76.139999,77.220001,77.071541,17200,PJP
453,2021-01-25,77.230003,78.660004,77.230003,78.660004,78.508774,9900,PJP
454,2021-01-26,79.07,79.360001,78.629997,78.639999,78.48880799999999,25600,PJP
455,2021-01-27,78.370003,78.370003,76.809998,76.809998,76.662323,12500,PJP
456,2021-01-28,77.190002,78.610001,77.190002,77.839996,77.690338,27000,PJP
457,2021-01-29,77.91999799999999,78.839996,76.730003,77.209999,77.061554,31100,PJP
458,2021-02-01,78.0,78.550003,77.339996,78.290001,78.139481,37000,PJP
459,2021-02-02,78.529999,79.120003,78.480003,78.480003,78.32911700000001,20500,PJP
460,2021-02-03,78.57,79.0,77.83000200000001,78.480003,78.32911700000001,14400,PJP
461,2021-02-04,78.75,79.129997,78.239998,79.040001,78.888039,20300,PJP
462,2021-02-05,79.519997,80.379997,79.07,80.379997,80.22545600000001,19200,PJP
463,2021-02-08,80.910004,81.690002,80.650002,81.690002,81.532944,19900,PJP
464,2021-02-09,81.480003,82.0,81.379997,81.540001,81.38323199999999,10100,PJP
465,2021-02-10,81.959999,82.019997,80.790001,81.68,81.522964,12000,PJP
466,2021-02-11,81.870003,81.870003,80.589996,81.08000200000001,80.924118,37400,PJP
467,2021-02-12,81.230003,81.339996,80.699997,80.870003,80.714523,14500,PJP
468,2021-02-16,81.08000200000001,81.089996,79.610001,80.08000200000001,79.926041,16700,PJP
469,2021-02-17,79.610001,80.489998,79.610001,80.389999,80.235443,13600,PJP
470,2021-02-18,79.959999,80.029999,79.489998,79.550003,79.39705699999999,11400,PJP
471,2021-02-19,79.550003,79.690002,79.129997,79.269997,79.117592,12400,PJP
472,2021-02-22,79.010002,79.099998,78.459999,78.870003,78.718369,11000,PJP
473,2021-02-23,78.239998,78.470001,77.610001,78.150002,77.999748,20800,PJP
474,2021-02-24,78.32,80.010002,78.32,79.730003,79.576714,28400,PJP
475,2021-02-25,79.660004,79.910004,77.959999,78.309998,78.159439,13700,PJP
476,2021-02-26,78.029999,78.029999,76.07,76.629997,76.48266600000001,23400,PJP
477,2021-03-01,77.5,77.839996,77.269997,77.389999,77.24121099999999,16300,PJP
478,2021-03-02,77.589996,77.650002,76.66999799999999,76.66999799999999,76.522591,13900,PJP
479,2021-03-03,76.5,76.5,75.529999,75.589996,75.444664,25300,PJP
480,2021-03-04,77.279999,77.559998,75.82,76.0,75.853882,60800,PJP
481,2021-03-05,76.529999,77.82,75.339996,77.68,77.53065500000001,18100,PJP
482,2021-03-08,77.93,78.83000200000001,77.730003,77.83000200000001,77.680367,17600,PJP
483,2021-03-09,78.550003,79.510002,78.41999799999999,78.41999799999999,78.269226,29500,PJP
484,2021-03-10,79.059998,79.209999,78.629997,78.660004,78.508774,5600,PJP
485,2021-03-11,79.099998,79.540001,78.849998,79.389999,79.23736600000001,115400,PJP
486,2021-03-12,79.33000200000001,79.790001,78.900002,79.75,79.596672,30100,PJP
487,2021-03-15,79.83000200000001,80.120003,79.5,80.050003,79.89609499999999,23200,PJP
488,2021-03-16,80.389999,80.389999,79.66999799999999,80.029999,79.876129,15600,PJP
489,2021-03-17,79.370003,80.190002,79.059998,80.110001,79.955978,10600,PJP
490,2021-03-18,79.529999,80.25,78.82,78.900002,78.748306,10500,PJP
491,2021-03-19,79.610001,79.66999799999999,78.940002,79.58000200000001,79.427002,10000,PJP
492,2021-03-22,79.839996,80.269997,79.400002,80.260002,80.260002,20100,PJP
493,2021-03-23,79.93,79.93,78.400002,78.5,78.5,18500,PJP
494,2021-03-24,78.760002,78.760002,77.400002,77.400002,77.400002,10800,PJP
495,2021-03-25,77.050003,78.309998,77.029999,78.110001,78.110001,10700,PJP
496,2021-03-26,78.260002,79.25,78.260002,79.25,79.25,22800,PJP
497,2021-03-29,78.839996,79.339996,78.660004,78.900002,78.900002,22100,PJP
498,2021-03-30,79.010002,79.010002,78.33000200000001,78.589996,78.589996,26700,PJP
499,2021-03-31,78.989998,79.339996,78.879997,78.879997,78.879997,12500,PJP
500,2021-04-01,78.75,79.32,78.709999,79.029999,79.029999,9500,PJP
501,2021-04-05,79.440002,79.510002,79.019997,79.360001,79.360001,8800,PJP
502,2020-04-06,54.32,55.389998999999996,54.169998,55.209998999999996,54.268116000000006,13800,PPH
503,2020-04-07,56.459998999999996,56.459998999999996,54.869999,54.869999,53.933914,28100,PPH
504,2020-04-08,55.27,56.610001000000004,54.740002000000004,56.279999,55.319858999999994,28000,PPH
505,2020-04-09,57.02,57.740002000000004,56.93,57.41,56.430580000000006,33500,PPH
506,2020-04-13,57.5,57.610001000000004,56.68,57.040001000000004,56.066894999999995,18700,PPH
507,2020-04-14,58.380001,58.860001000000004,58.02,58.849998,57.846016000000006,19200,PPH
508,2020-04-15,57.59,58.279999,57.200001,57.810001,56.823765,21100,PPH
509,2020-04-16,58.59,58.59,57.779999,58.43,57.433178000000005,496900,PPH
510,2020-04-17,59.75,59.869999,58.970001,59.740002000000004,58.720833,121300,PPH
511,2020-04-20,59.619999,60.540001000000004,59.080002,59.700001,58.681515000000005,84400,PPH
512,2020-04-21,59.16,59.16,58.040001000000004,58.110001000000004,57.118641000000004,41200,PPH
513,2020-04-22,59.240002000000004,59.509997999999996,58.77,58.810001,57.806698,363200,PPH
514,2020-04-23,59.23,59.950001,59.150002,59.23,58.219531999999994,29200,PPH
515,2020-04-24,59.669998,60.310001,59.509997999999996,60.209998999999996,59.182812,44800,PPH
516,2020-04-27,61.0,61.66,60.950001,61.419998,60.37216899999999,19100,PPH
517,2020-04-28,62.16,62.16,60.650002,60.709998999999996,59.674282,15400,PPH
518,2020-04-29,61.380001,61.509997999999996,61.009997999999996,61.200001,60.155926,10800,PPH
519,2020-04-30,61.200001,61.200001,60.470001,60.560001,59.526844,14700,PPH
520,2020-05-01,59.77,59.77,58.91,59.41,58.396465,17000,PPH
521,2020-05-04,59.599998,59.599998,59.060001,59.48,58.465267000000004,11600,PPH
522,2020-05-05,59.900002,60.860001000000004,59.900002,60.380001,59.349915,14100,PPH
523,2020-05-06,60.790001000000004,60.849998,60.259997999999996,60.259997999999996,59.23196,14100,PPH
524,2020-05-07,60.630001,60.630001,59.740002000000004,59.740002000000004,58.720833,10800,PPH
525,2020-05-08,60.240002000000004,60.43,59.93,60.189999,59.163155,47000,PPH
526,2020-05-11,60.080002,61.27,60.080002,61.099998,60.057632,32000,PPH
527,2020-05-12,61.549999,61.740002000000004,60.610001000000004,60.610001000000004,59.575989,10600,PPH
528,2020-05-13,61.189999,61.189999,59.84,60.200001,59.172985,16100,PPH
529,2020-05-14,59.66,60.049999,59.200001,59.98,58.956738,13100,PPH
530,2020-05-15,60.0,60.619999,59.889998999999996,60.619999,59.585815000000004,14200,PPH
531,2020-05-18,61.650002,62.029999,61.470001,61.82,60.76535,38800,PPH
532,2020-05-19,61.93,62.130001,61.560001,61.73,60.676888,25400,PPH
533,2020-05-20,62.450001,62.509997999999996,61.830002,61.970001,60.912788,58600,PPH
534,2020-05-21,62.259997999999996,62.259997999999996,61.220001,61.68,60.627734999999994,33000,PPH
535,2020-05-22,61.560001,61.639998999999996,61.139998999999996,61.41,60.362339,13500,PPH
536,2020-05-26,62.52,62.52,61.369999,61.470001,60.42131800000001,24700,PPH
537,2020-05-27,61.43,62.060001,60.75,62.060001,61.00125500000001,31000,PPH
538,2020-05-28,62.669998,63.389998999999996,62.669998,62.93,61.856407,24700,PPH
539,2020-05-29,63.119999,63.389998999999996,62.220001,63.299999,62.220096999999996,15200,PPH
540,2020-06-01,62.889998999999996,63.41,62.889998999999996,63.169998,62.092316000000004,9600,PPH
541,2020-06-02,63.060001,63.689999,62.990002000000004,63.689999,62.603443000000006,16400,PPH
542,2020-06-03,63.860001000000004,63.860001000000004,63.48,63.720001,62.632934999999996,13600,PPH
543,2020-06-04,63.639998999999996,63.73,63.169998,63.360001000000004,62.279076,9600,PPH
544,2020-06-05,63.950001,64.41999799999999,63.470001,63.630001,62.544472,14800,PPH
545,2020-06-08,63.66,64.459999,63.560001,64.279999,63.18338000000001,30500,PPH
546,2020-06-09,64.269997,64.32,63.849998,63.880001,62.790206999999995,9600,PPH
547,2020-06-10,63.59,63.93,63.240002000000004,63.240002000000004,62.161120999999994,15100,PPH
548,2020-06-11,62.27,62.27,59.799999,60.02,58.996058999999995,24000,PPH
549,2020-06-12,61.130001,61.32,59.349998,60.169998,59.14349,39200,PPH
550,2020-06-15,59.610001000000004,60.75,59.189999,60.509997999999996,59.477695,23200,PPH
551,2020-06-16,62.02,62.529999,61.810001,62.259997999999996,61.197838,50100,PPH
552,2020-06-17,62.889998999999996,62.889998999999996,62.400002,62.48,61.414089000000004,14600,PPH
553,2020-06-18,62.060001,62.450001,62.060001,62.34,61.276478000000004,7700,PPH
554,2020-06-19,63.049999,63.369999,62.490002000000004,62.990002000000004,61.91539,22100,PPH
555,2020-06-22,62.970001,63.189999,62.43,63.189999,62.111973,28700,PPH
556,2020-06-23,63.540001000000004,63.759997999999996,63.110001000000004,63.220001,62.141464,16000,PPH
557,2020-06-24,62.73,62.73,61.41,61.720001,60.667053,40800,PPH
558,2020-06-25,61.73,62.41,61.41,62.41,61.345284,21000,PPH
559,2020-06-26,62.48,62.48,61.099998,61.5,60.450802,7600,PPH
560,2020-06-29,61.669998,62.0,61.380001,61.540001000000004,60.490124,21000,PPH
561,2020-06-30,61.549999,62.43,61.279999,62.259997999999996,61.197838,9200,PPH
562,2020-07-01,62.259997999999996,62.290001000000004,61.91,61.93,61.120861,11800,PPH
563,2020-07-02,62.34,62.389998999999996,62.040001000000004,62.07,61.259029000000005,11600,PPH
564,2020-07-06,62.32,62.849998,62.299999,62.68,61.861061,11900,PPH
565,2020-07-07,62.299999,62.580002,61.900002,61.93,61.120861,15000,PPH
566,2020-07-08,62.040001000000004,62.240002000000004,61.650002,62.029999,61.219551,15000,PPH
567,2020-07-09,61.91,62.130001,60.900002,61.41,60.607655,120100,PPH
568,2020-07-10,61.32,61.52,60.939999,61.389998999999996,60.587917000000004,20100,PPH
569,2020-07-13,61.68,62.799999,61.619999,61.73,60.923473,30100,PPH
570,2020-07-14,61.810001,62.759997999999996,61.720001,62.709998999999996,61.89066700000001,13600,PPH
571,2020-07-15,63.43,64.519997,63.43,64.449997,63.607925,45600,PPH
572,2020-07-16,64.309998,64.309998,63.700001,64.010002,63.173687,18800,PPH
573,2020-07-17,64.349998,64.879997,64.33000200000001,64.769997,63.923747999999996,13000,PPH
574,2020-07-20,65.400002,65.400002,64.41999799999999,64.639999,63.795448,34300,PPH
575,2020-07-21,64.889999,64.959999,64.18,64.269997,63.430279000000006,17100,PPH
576,2020-07-22,64.629997,64.699997,63.990002000000004,64.290001,63.450024,48400,PPH
577,2020-07-23,64.41999799999999,64.41999799999999,63.459998999999996,63.490002000000004,62.660477,32200,PPH
578,2020-07-24,63.540001000000004,63.540001000000004,62.619999,62.939999,62.117661,67900,PPH
579,2020-07-27,63.139998999999996,63.549999,62.73,63.52,62.690086,23900,PPH
580,2020-07-28,63.700001,64.010002,63.400002,63.400002,62.571651,72800,PPH
581,2020-07-29,63.41,64.059998,63.240002000000004,63.84,63.005905000000006,79000,PPH
582,2020-07-30,63.27,63.830002,63.029999,63.689999,62.857861,36200,PPH
583,2020-07-31,63.880001,63.880001,62.549999,63.02,62.196617,49500,PPH
584,2020-08-03,63.91,64.730003,63.849998,64.589996,63.74609399999999,62300,PPH
585,2020-08-04,64.389999,64.699997,64.029999,64.339996,63.499371,23200,PPH
586,2020-08-05,64.949997,64.959999,64.43,64.730003,63.884274,33400,PPH
587,2020-08-06,65.089996,65.43,64.089996,64.360001,63.519107999999996,33500,PPH
588,2020-08-07,64.300003,64.349998,63.549999,63.759997999999996,62.926949,33400,PPH
589,2020-08-10,63.830002,64.099998,63.740002000000004,63.869999,63.035511,13800,PPH
590,2020-08-11,64.389999,64.389999,63.639998999999996,63.709998999999996,62.877602,38300,PPH
591,2020-08-12,64.440002,64.699997,64.279999,64.529999,63.686886,26800,PPH
592,2020-08-13,64.440002,64.440002,64.139999,64.209999,63.37107099999999,21400,PPH
593,2020-08-14,64.139999,64.349998,63.990002000000004,64.220001,63.380939,62400,PPH
594,2020-08-17,64.739998,65.120003,64.470001,65.0,64.150749,47600,PPH
595,2020-08-18,65.349998,65.349998,64.379997,64.589996,63.74609399999999,76300,PPH
596,2020-08-19,64.709999,64.870003,64.220001,64.309998,63.469761,50700,PPH
597,2020-08-20,64.040001,64.360001,63.959998999999996,64.279999,63.440155000000004,33300,PPH
598,2020-08-21,64.0,64.0,63.459998999999996,63.869999,63.035511,52200,PPH
599,2020-08-24,64.519997,64.519997,63.77,64.019997,63.183544,58700,PPH
600,2020-08-25,64.16999799999999,64.440002,63.860001000000004,64.160004,63.321723999999996,24500,PPH
601,2020-08-26,64.010002,64.300003,63.709998999999996,64.25,63.41054499999999,27300,PPH
602,2020-08-27,64.300003,64.470001,63.970001,64.239998,63.400677,21000,PPH
603,2020-08-28,64.290001,64.290001,63.889998999999996,64.220001,63.380939,13400,PPH
604,2020-08-31,64.029999,64.68,64.029999,64.529999,63.686886,71500,PPH
605,2020-09-01,64.550003,64.550003,63.220001,63.470001,62.64074300000001,24600,PPH
606,2020-09-02,63.459998999999996,64.129997,63.450001,64.050003,63.213161,39700,PPH
607,2020-09-03,64.160004,64.279999,62.290001000000004,62.669998,61.851189,37100,PPH
608,2020-09-04,62.860001000000004,62.860001000000004,61.549999,62.299999,61.486022999999996,20100,PPH
609,2020-09-08,62.5,62.5,61.790001000000004,61.869999,61.061638,70100,PPH
610,2020-09-09,62.740002000000004,63.07,62.200001,62.59,61.772231999999995,13800,PPH
611,2020-09-10,62.599998,62.740002000000004,61.490002000000004,61.599998,60.795166,51900,PPH
612,2020-09-11,61.98,62.169998,61.470001,61.939999,61.130722,683600,PPH
613,2020-09-14,62.169998,62.950001,62.169998,62.630001,61.811714,19200,PPH
614,2020-09-15,63.200001,63.400002,62.849998,63.009997999999996,62.186744999999995,28100,PPH
615,2020-09-16,63.369999,63.650002,63.07,63.169998,62.344654000000006,29900,PPH
616,2020-09-17,62.900002,63.389998999999996,62.880001,63.349998,62.522301,23300,PPH
617,2020-09-18,63.490002000000004,63.490002000000004,62.790001000000004,63.259997999999996,62.433479000000005,36700,PPH
618,2020-09-21,62.389998999999996,62.389998999999996,61.299999,62.119999,61.308372,26600,PPH
619,2020-09-22,61.900002,62.080002,61.5,61.849998,61.041901,49700,PPH
620,2020-09-23,62.330002,62.330002,61.310001,61.32,60.518829000000004,22000,PPH
621,2020-09-24,61.16,61.169998,60.529999,60.790001000000004,59.995754000000005,27700,PPH
622,2020-09-25,60.740002000000004,61.630001,60.720001,61.529999,60.726082,13100,PPH
623,2020-09-28,62.09,62.150002,61.82,61.880001,61.071514,10300,PPH
624,2020-09-29,61.939999,62.049999,61.52,61.560001,60.755694999999996,40000,PPH
625,2020-09-30,61.560001,62.439999,61.560001,62.169998,61.357718999999996,34100,PPH
626,2020-10-01,62.209998999999996,62.209998999999996,61.290001000000004,61.439999,60.881096,32000,PPH
627,2020-10-02,60.630001,61.580002,60.630001,61.25,60.692825,24200,PPH
628,2020-10-05,61.779999,62.220001,61.529999,62.189999,61.62427099999999,49800,PPH
629,2020-10-06,62.189999,62.189999,61.07,61.200001,60.643280000000004,38600,PPH
630,2020-10-07,61.639998999999996,62.25,61.459998999999996,62.099998,61.535091,17300,PPH
631,2020-10-08,62.630001,63.689999,62.630001,63.599998,63.021446,23300,PPH
632,2020-10-09,64.010002,64.230003,63.75,63.93,63.348445999999996,18400,PPH
633,2020-10-12,64.309998,64.309998,63.810001,64.040001,63.457446999999995,10800,PPH
634,2020-10-13,63.639998999999996,63.970001,63.240002000000004,63.43,62.852996999999995,121000,PPH
635,2020-10-14,63.419998,63.540001000000004,62.869999,63.02,62.446723999999996,183300,PPH
636,2020-10-15,62.380001,62.599998,62.139998999999996,62.59,62.020633999999994,197400,PPH
637,2020-10-16,63.009997999999996,63.5,62.82,63.02,62.446723999999996,190700,PPH
638,2020-10-19,63.369999,63.380001,61.990002000000004,62.060001,61.495461,153600,PPH
639,2020-10-20,62.52,62.52,62.0,62.0,61.436005,54100,PPH
640,2020-10-21,62.029999,62.27,61.580002,61.580002,61.019825,29700,PPH
641,2020-10-22,61.619999,62.32,61.529999,62.240002000000004,61.673823999999996,9700,PPH
642,2020-10-23,62.439999,62.650002,62.099998,62.459998999999996,61.891815,20700,PPH
643,2020-10-26,62.080002,62.080002,61.330002,61.669998,61.109001,36700,PPH
644,2020-10-27,61.450001,61.540001000000004,60.740002000000004,60.740002000000004,60.18746899999999,10100,PPH
645,2020-10-28,59.93,60.09,59.09,59.16,58.621838000000004,34300,PPH
646,2020-10-29,59.389998999999996,59.470001,58.400002,59.110001000000004,58.572292000000004,38800,PPH
647,2020-10-30,58.950001,59.009997999999996,58.349998,58.91,58.374111,82000,PPH
648,2020-11-02,59.540001000000004,60.23,59.540001000000004,60.189999,59.642467,379000,PPH
649,2020-11-03,61.130001,61.57,61.02,61.150002,60.593739,122700,PPH
650,2020-11-04,62.450001,64.629997,62.450001,63.880001,63.298904,637100,PPH
651,2020-11-05,64.33000200000001,64.720001,63.68,63.779999,63.199806,39300,PPH
652,2020-11-06,63.599998,63.759997999999996,63.189999,63.400002,62.823268999999996,29000,PPH
653,2020-11-09,65.720001,65.989998,64.370003,64.41999799999999,63.833983999999994,79800,PPH
654,2020-11-10,64.93,65.529999,64.589996,65.239998,64.646523,29800,PPH
655,2020-11-11,65.82,65.82,64.940002,65.150002,64.55735,16900,PPH
656,2020-11-12,64.900002,64.900002,64.230003,64.489998,63.903351,21500,PPH
657,2020-11-13,64.690002,65.540001,64.690002,65.400002,64.805077,14200,PPH
658,2020-11-16,65.889999,65.889999,65.0,65.339996,64.745621,23400,PPH
659,2020-11-17,65.190002,65.260002,64.779999,65.07,64.478073,52900,PPH
660,2020-11-18,65.480003,65.529999,64.339996,64.339996,63.754715000000004,13600,PPH
661,2020-11-19,64.540001,64.900002,64.18,64.900002,64.309624,6200,PPH
662,2020-11-20,65.089996,65.129997,64.739998,64.83000200000001,64.24026500000001,22700,PPH
663,2020-11-23,64.940002,64.940002,64.41999799999999,64.660004,64.07180799999999,22900,PPH
664,2020-11-24,64.91999799999999,65.110001,64.75,64.860001,64.269989,106200,PPH
665,2020-11-25,64.709999,64.809998,64.389999,64.809998,64.22043599999999,12000,PPH
666,2020-11-27,65.040001,65.41999799999999,65.040001,65.349998,64.755524,33900,PPH
667,2020-11-30,65.589996,65.660004,64.940002,65.040001,64.448349,22200,PPH
668,2020-12-01,65.480003,65.650002,65.160004,65.32,64.7258,11200,PPH
669,2020-12-02,65.41999799999999,65.910004,65.349998,65.66999799999999,65.07261700000001,92800,PPH
670,2020-12-03,65.660004,65.879997,65.32,65.620003,65.02307900000001,25300,PPH
671,2020-12-04,65.93,66.510002,65.93,66.449997,65.84552,18000,PPH
672,2020-12-07,66.639999,66.639999,65.91999799999999,66.040001,65.439255,24600,PPH
673,2020-12-08,65.910004,66.940002,65.66999799999999,66.910004,66.301338,20100,PPH
674,2020-12-09,67.480003,67.480003,66.379997,66.82,66.212158,40400,PPH
675,2020-12-10,66.559998,66.870003,66.559998,66.779999,66.172523,15900,PPH
676,2020-12-11,66.379997,66.510002,65.949997,66.220001,65.617615,43400,PPH
677,2020-12-14,66.459999,66.459999,65.290001,65.290001,64.696075,82500,PPH
678,2020-12-15,65.68,66.279999,65.449997,66.25,65.647339,28500,PPH
679,2020-12-16,66.5,66.58000200000001,66.190002,66.290001,65.68697399999999,19300,PPH
680,2020-12-17,66.720001,66.720001,66.370003,66.68,66.073425,6000,PPH
681,2020-12-18,66.900002,66.900002,66.18,66.620003,66.013977,6300,PPH
682,2020-12-21,65.550003,65.760002,64.860001,65.699997,65.10234799999999,27000,PPH
683,2020-12-22,65.540001,65.58000200000001,65.220001,65.400002,64.805077,9700,PPH
684,2020-12-23,65.41999799999999,65.720001,65.410004,65.43,64.834801,371500,PPH
685,2020-12-24,65.620003,65.620003,65.290001,65.510002,64.914078,41300,PPH
686,2020-12-28,66.0,66.129997,65.610001,65.739998,65.141975,54500,PPH
687,2020-12-29,65.83000200000001,65.910004,65.550003,65.75,65.41658000000001,32800,PPH
688,2020-12-30,65.989998,66.199997,65.940002,66.029999,65.69516,4700,PPH
689,2020-12-31,65.760002,66.489998,65.690002,66.470001,66.132935,10600,PPH
690,2021-01-04,66.699997,66.699997,65.620003,66.400002,66.063286,28300,PPH
691,2021-01-05,66.260002,66.940002,65.93,66.809998,66.47120699999999,11800,PPH
692,2021-01-06,66.41999799999999,67.849998,66.41999799999999,67.470001,67.127861,19300,PPH
693,2021-01-07,67.529999,68.160004,67.410004,68.019997,67.675072,18300,PPH
694,2021-01-08,68.050003,68.379997,67.75,68.279999,67.93375400000001,131900,PPH
695,2021-01-11,68.300003,69.309998,68.269997,69.160004,68.809296,190100,PPH
696,2021-01-12,69.290001,69.32,68.599998,68.980003,68.63020300000001,21400,PPH
697,2021-01-13,69.029999,69.529999,69.029999,69.18,68.829193,43300,PPH
698,2021-01-14,69.410004,69.730003,69.18,69.379997,69.028175,30600,PPH
699,2021-01-15,69.18,69.82,68.769997,69.720001,69.366455,34600,PPH
700,2021-01-19,70.41999799999999,70.620003,70.199997,70.58000200000001,70.222092,26200,PPH
701,2021-01-20,70.540001,70.629997,70.07,70.33000200000001,69.97335799999999,115200,PPH
702,2021-01-21,70.0,70.08000200000001,69.720001,69.959999,69.605232,18300,PPH
703,2021-01-22,69.639999,70.720001,69.639999,70.650002,70.291733,24600,PPH
704,2021-01-25,70.66999799999999,71.129997,70.57,71.059998,70.69965400000001,41400,PPH
705,2021-01-26,71.150002,71.150002,70.790001,70.849998,70.490723,17200,PPH
706,2021-01-27,69.959999,69.959999,68.629997,68.800003,68.45111800000001,12100,PPH
707,2021-01-28,69.230003,69.93,69.230003,69.339996,68.988373,21300,PPH
708,2021-01-29,69.25,69.400002,67.470001,68.139999,67.794464,24100,PPH
709,2021-02-01,68.760002,68.980003,68.449997,68.639999,68.291924,21800,PPH
710,2021-02-02,69.279999,69.470001,68.660004,68.660004,68.311829,20000,PPH
711,2021-02-03,68.93,69.239998,68.599998,68.900002,68.550613,8600,PPH
712,2021-02-04,69.220001,69.290001,68.839996,69.260002,68.908783,18500,PPH
713,2021-02-05,69.620003,69.620003,69.120003,69.239998,68.888885,7200,PPH
714,2021-02-08,69.559998,69.620003,69.290001,69.620003,69.26696,404000,PPH
715,2021-02-09,69.709999,70.010002,69.709999,69.900002,69.54554,10900,PPH
716,2021-02-10,70.300003,70.470001,69.400002,69.629997,69.276901,292800,PPH
717,2021-02-11,69.870003,69.870003,69.190002,69.709999,69.356499,162600,PPH
718,2021-02-12,69.730003,70.339996,69.730003,70.339996,69.983307,7300,PPH
719,2021-02-16,70.41999799999999,70.470001,69.83000200000001,69.980003,69.625137,13100,PPH
720,2021-02-17,69.790001,70.33000200000001,69.779999,70.309998,69.953453,16200,PPH
721,2021-02-18,69.970001,69.970001,69.519997,69.529999,69.177414,7500,PPH
722,2021-02-19,69.5,69.5,69.07,69.089996,68.739639,18500,PPH
723,2021-02-22,68.66999799999999,68.66999799999999,68.190002,68.459999,68.11283900000001,21600,PPH
724,2021-02-23,68.279999,68.279999,67.620003,68.050003,67.704926,81600,PPH
725,2021-02-24,68.019997,69.07,68.019997,68.870003,68.520767,10700,PPH
726,2021-02-25,68.779999,68.779999,67.699997,67.989998,67.645218,379700,PPH
727,2021-02-26,68.08000200000001,68.08000200000001,67.010002,67.529999,67.18755300000001,16600,PPH
728,2021-03-01,68.190002,68.43,67.980003,67.980003,67.635277,60800,PPH
729,2021-03-02,68.139999,68.190002,67.790001,67.839996,67.495979,10300,PPH
730,2021-03-03,67.470001,67.510002,66.760002,67.220001,66.87912800000001,13500,PPH
731,2021-03-04,66.699997,67.059998,65.239998,66.059998,65.72500600000001,154700,PPH
732,2021-03-05,66.459999,67.209999,65.480003,67.139999,66.79953,159000,PPH
733,2021-03-08,67.18,68.160004,67.089996,67.370003,67.028374,189400,PPH
734,2021-03-09,67.769997,68.75,67.769997,67.940002,67.59548199999999,219300,PPH
735,2021-03-10,68.470001,68.849998,68.41999799999999,68.599998,68.25212900000001,63800,PPH
736,2021-03-11,68.589996,68.860001,68.459999,68.57,68.22228199999999,215200,PPH
737,2021-03-12,68.58000200000001,68.870003,68.370003,68.849998,68.500862,32100,PPH
738,2021-03-15,69.010002,69.400002,68.699997,69.400002,69.048073,191500,PPH
739,2021-03-16,69.75,69.769997,69.199997,69.459999,69.107765,291400,PPH
740,2021-03-17,69.220001,69.75,68.800003,69.720001,69.366455,371400,PPH
741,2021-03-18,69.18,69.879997,69.019997,69.059998,68.709793,166900,PPH
742,2021-03-19,69.300003,69.620003,68.910004,69.389999,69.038124,45200,PPH
743,2021-03-22,69.389999,69.93,69.18,69.93,69.575386,61200,PPH
744,2021-03-23,69.599998,69.66999799999999,68.309998,68.379997,68.033241,926100,PPH
745,2021-03-24,68.360001,68.510002,67.959999,67.959999,67.615372,33600,PPH
746,2021-03-25,67.75,68.41999799999999,67.589996,68.349998,68.003395,31900,PPH
747,2021-03-26,68.459999,69.16999799999999,68.459999,69.16999799999999,68.819237,15900,PPH
748,2021-03-29,68.790001,69.589996,68.790001,69.33000200000001,68.978432,79400,PPH
749,2021-03-30,69.230003,69.230003,68.790001,68.900002,68.550613,55300,PPH
750,2021-03-31,68.849998,69.33000200000001,68.849998,69.019997,68.66999799999999,32400,PPH
751,2021-04-01,68.889999,68.889999,68.290001,68.610001,68.610001,18800,PPH
752,2021-04-05,68.93,68.93,68.480003,68.68,68.68,47100,PPH
753,2020-04-06,35.93,36.5,35.799999,36.349998,36.163532000000004,78500,XPH
754,2020-04-07,37.200001,37.200001,36.040001000000004,36.040001000000004,35.855125,88100,XPH
755,2020-04-08,36.549999,37.68,36.110001000000004,37.439999,37.24794,290700,XPH
756,2020-04-09,38.07,38.599998,37.860001000000004,38.27,38.073685,101200,XPH
757,2020-04-13,38.48,38.48,37.540001000000004,38.0,37.805069,397800,XPH
758,2020-04-14,38.900002,39.279999,38.68,39.189999,38.98896,70700,XPH
759,2020-04-15,38.490002000000004,38.700001,37.919998,38.400002,38.203022,59500,XPH
760,2020-04-16,38.52,38.77,37.900002,38.509997999999996,38.31245,71700,XPH
761,2020-04-17,39.119999,39.900002,39.119999,39.869999,39.665473999999996,82200,XPH
762,2020-04-20,39.470001,40.599998,39.290001000000004,39.91,39.705269,113400,XPH
763,2020-04-21,39.349998,39.450001,38.549999,38.650002,38.451733000000004,47700,XPH
764,2020-04-22,39.439999,39.450001,39.110001000000004,39.110001000000004,38.909374,93500,XPH
765,2020-04-23,39.5,40.310001,39.450001,39.720001,39.516242999999996,110300,XPH
766,2020-04-24,40.0,40.630001,39.970001,40.57,40.361881,73000,XPH
767,2020-04-27,41.599998,42.09,41.389998999999996,41.860001000000004,41.645267,205500,XPH
768,2020-04-28,42.419998,42.419998,41.299999,41.43,41.217476,143000,XPH
769,2020-04-29,42.459998999999996,42.880001,41.91,42.619999,42.401371000000005,95700,XPH
770,2020-04-30,42.5,42.619999,41.869999,41.970001,41.754704,101300,XPH
771,2020-05-01,41.240002000000004,41.400002,40.169998,40.709998999999996,40.501163,122400,XPH
772,2020-05-04,40.540001000000004,41.07,40.299999,40.990002000000004,40.779728000000006,111100,XPH
773,2020-05-05,41.630001,42.040001000000004,41.5,41.580002,41.366707,61900,XPH
774,2020-05-06,42.029999,42.450001,41.73,42.029999,41.8144,135600,XPH
775,2020-05-07,42.490002000000004,42.490002000000004,41.389998999999996,41.470001,41.257271,60500,XPH
776,2020-05-08,42.0,42.259997999999996,41.68,41.810001,41.595528,61400,XPH
777,2020-05-11,42.299999,43.529999,42.299999,43.41,43.187321000000004,136400,XPH
778,2020-05-12,43.810001,44.450001,43.130001,43.130001,42.908756,305200,XPH
779,2020-05-13,43.290001000000004,43.349998,41.599998,42.07,41.854191,229500,XPH
780,2020-05-14,41.549999,42.23,40.990002000000004,42.150002,41.933784,116400,XPH
781,2020-05-15,41.849998,42.880001,41.849998,42.84,42.620243,59000,XPH
782,2020-05-18,44.189999,44.189999,43.5,43.599998,43.376343,73500,XPH
783,2020-05-19,43.5,43.75,43.110001000000004,43.130001,42.908756,69500,XPH
784,2020-05-20,43.599998,43.889998999999996,43.25,43.400002,43.177372,82300,XPH
785,2020-05-21,43.459998999999996,43.459998999999996,42.73,43.18,42.9585,41500,XPH
786,2020-05-22,43.16,43.200001,42.939999,43.169998,42.948547,58100,XPH
787,2020-05-26,44.0,44.0,42.939999,42.950001,42.729679,72000,XPH
788,2020-05-27,43.200001,43.220001,41.880001,43.220001,42.998295,71700,XPH
789,2020-05-28,43.669998,44.009997999999996,43.150002,43.240002000000004,43.018192,143200,XPH
790,2020-05-29,43.18,43.470001,42.299999,43.200001,42.978396999999994,202000,XPH
791,2020-06-01,43.07,43.220001,42.75,43.0,42.779423,98500,XPH
792,2020-06-02,42.959998999999996,43.18,42.32,43.139998999999996,42.918701,141800,XPH
793,2020-06-03,43.099998,43.470001,43.060001,43.360001000000004,43.137572999999996,78300,XPH
794,2020-06-04,43.130001,43.439999,42.75,43.029999,42.809265,101800,XPH
795,2020-06-05,43.75,43.919998,43.169998,43.259997999999996,43.038082,40100,XPH
796,2020-06-08,43.400002,44.369999,43.27,44.18,43.953369,48200,XPH
797,2020-06-09,44.029999,44.439999,43.77,43.830002,43.605164,67200,XPH
798,2020-06-10,44.029999,44.099998,43.119999,43.119999,42.8988,35100,XPH
799,2020-06-11,42.369999,42.57,40.73,40.869999,40.660343,88800,XPH
800,2020-06-12,41.75,41.869999,40.110001000000004,40.98,40.769783000000004,57800,XPH
801,2020-06-15,40.34,41.490002000000004,40.119999,41.240002000000004,41.028446,30000,XPH
802,2020-06-16,42.48,42.66,41.720001,42.419998,42.202396,84700,XPH
803,2020-06-17,42.790001000000004,42.790001000000004,42.02,42.169998,41.953678000000004,473300,XPH
804,2020-06-18,42.0,42.43,41.82,42.349998,42.132754999999996,248400,XPH
805,2020-06-19,42.799999,43.110001000000004,42.459998999999996,42.900002,42.679935,56900,XPH
806,2020-06-22,42.830002,43.470001,42.610001000000004,43.41,43.254871,37100,XPH
807,2020-06-23,43.75,43.959998999999996,43.439999,43.48,43.324619,80600,XPH
808,2020-06-24,43.240002000000004,43.279999,41.900002,42.380001,42.22855,387300,XPH
809,2020-06-25,42.43,43.099998,42.119999,43.080002,42.926056,58600,XPH
810,2020-06-26,43.240002000000004,43.240002000000004,42.18,42.419998,42.268406,358600,XPH
811,2020-06-29,42.59,42.919998,42.130001,42.34,42.188697999999995,75100,XPH
812,2020-06-30,42.310001,43.189999,42.23,42.98,42.826408,37800,XPH
813,2020-07-01,43.139998999999996,43.57,43.139998999999996,43.150002,42.995804,158200,XPH
814,2020-07-02,43.639998999999996,43.689999,43.040001000000004,43.169998,43.015728,39600,XPH
815,2020-07-06,43.5,43.959998999999996,43.419998,43.66,43.503979,115000,XPH
816,2020-07-07,43.560001,44.049999,43.330002,43.400002,43.244904,57000,XPH
817,2020-07-08,43.75,43.84,43.349998,43.799999,43.643478,102300,XPH
818,2020-07-09,43.970001,43.970001,42.689999,43.330002,43.175156,52500,XPH
819,2020-07-10,43.200001,43.5,42.919998,43.330002,43.175156,26100,XPH
820,2020-07-13,43.630001,44.450001,42.82,42.970001,42.816448,103700,XPH
821,2020-07-14,42.93,43.470001,42.59,43.419998,43.264832,23200,XPH
822,2020-07-15,44.299999,44.84,44.099998,44.689999,44.530296,148400,XPH
823,2020-07-16,44.48,44.48,43.830002,44.240002000000004,44.081905,45300,XPH
824,2020-07-17,44.279999,44.830002,44.279999,44.66,44.500403999999996,81100,XPH
825,2020-07-20,44.790001000000004,45.029999,44.5,44.630001,44.470512,52200,XPH
826,2020-07-21,44.84,44.880001,44.110001000000004,44.23,44.071938,68000,XPH
827,2020-07-22,44.259997999999996,44.52,44.029999,44.25,44.091869,37300,XPH
828,2020-07-23,44.310001,44.549999,43.580002,43.77,43.613583,68400,XPH
829,2020-07-24,43.549999,43.549999,42.860001000000004,43.16,43.005764,63200,XPH
830,2020-07-27,43.200001,43.490002000000004,42.900002,43.389998999999996,43.23494,112400,XPH
831,2020-07-28,43.490002000000004,43.650002,43.009997999999996,43.060001,42.906124,128000,XPH
832,2020-07-29,43.099998,43.369999,42.880001,43.259997999999996,43.105404,25600,XPH
833,2020-07-30,42.830002,43.52,42.830002,43.310001,43.155228,100700,XPH
834,2020-07-31,43.459998999999996,43.459998999999996,42.259997999999996,42.669998,42.517513,94800,XPH
835,2020-08-03,42.98,43.77,42.869999,43.66,43.503979,90200,XPH
836,2020-08-04,43.689999,43.77,43.349998,43.639998999999996,43.484047,43800,XPH
837,2020-08-05,44.310001,44.82,44.029999,44.73,44.570156,72500,XPH
838,2020-08-06,44.77,45.080002,44.150002,44.470001,44.311081,122500,XPH
839,2020-08-07,44.48,44.959998999999996,44.419998,44.73,44.570156,76900,XPH
840,2020-08-10,44.490002000000004,44.799999,44.34,44.580002,44.420691999999995,41500,XPH
841,2020-08-11,44.75,44.75,43.610001000000004,43.720001,43.563763,57800,XPH
842,2020-08-12,44.040001000000004,44.189999,43.77,43.849998,43.693298,39600,XPH
843,2020-08-13,43.779999,44.049999,43.68,43.799999,43.643478,41800,XPH
844,2020-08-14,43.84,44.110001000000004,43.610001000000004,43.869999,43.713226,15000,XPH
845,2020-08-17,43.970001,44.639998999999996,43.970001,44.57,44.410725,246900,XPH
846,2020-08-18,44.57,44.619999,43.799999,44.32,44.161617,44500,XPH
847,2020-08-19,44.400002,44.57,44.060001,44.189999,44.032082,45000,XPH
848,2020-08-20,43.939999,44.299999,43.93,44.200001,44.042049,24200,XPH
849,2020-08-21,44.099998,44.16,43.43,43.68,43.523903000000004,58500,XPH
850,2020-08-24,43.880001,43.919998,43.32,43.560001,43.404334999999996,23300,XPH
851,2020-08-25,43.599998,43.869999,43.419998,43.830002,43.67337,74900,XPH
852,2020-08-26,43.759997999999996,43.759997999999996,43.34,43.630001,43.474083,22500,XPH
853,2020-08-27,43.779999,43.779999,43.139998999999996,43.549999,43.394366999999995,24100,XPH
854,2020-08-28,43.639998999999996,43.830002,43.43,43.779999,43.623546999999995,23400,XPH
855,2020-08-31,43.709998999999996,44.41,43.709998999999996,44.200001,44.042049,31800,XPH
856,2020-09-01,44.43,44.580002,43.529999,43.689999,43.533867,78600,XPH
857,2020-09-02,43.689999,44.529999,43.349998,44.450001,44.291153,41200,XPH
858,2020-09-03,44.139998999999996,44.459998999999996,43.330002,43.57,43.414299,184900,XPH
859,2020-09-04,43.490002000000004,43.57,42.139998999999996,43.200001,43.04562,70900,XPH
860,2020-09-08,42.889998999999996,43.220001,42.509997999999996,42.709998999999996,42.557373,74700,XPH
861,2020-09-09,43.459998999999996,44.23,43.43,43.869999,43.713226,47300,XPH
862,2020-09-10,43.950001,44.27,43.330002,43.380001,43.224976,104400,XPH
863,2020-09-11,43.380001,43.580002,42.959998999999996,43.23,43.075511999999996,20600,XPH
864,2020-09-14,43.84,45.049999,43.82,44.700001,44.540259999999996,40500,XPH
865,2020-09-15,45.080002,45.290001000000004,44.84,45.009997999999996,44.849152000000004,37200,XPH
866,2020-09-16,45.290001000000004,45.779999,45.080002,45.290001000000004,45.128155,174300,XPH
867,2020-09-17,44.889998999999996,45.189999,44.630001,45.09,44.928867,71900,XPH
868,2020-09-18,45.32,45.52,44.759997999999996,45.34,45.177975,105200,XPH
869,2020-09-21,44.73,44.73,43.509997999999996,44.040001000000004,43.933009999999996,34900,XPH
870,2020-09-22,44.080002,44.34,43.57,44.240002000000004,44.132523,34600,XPH
871,2020-09-23,44.220001,44.240002000000004,43.27,43.32,43.214756,46500,XPH
872,2020-09-24,43.130001,43.279999,42.220001,42.459998999999996,42.356842,59400,XPH
873,2020-09-25,42.57,43.040001000000004,42.369999,42.82,42.715969,58700,XPH
874,2020-09-28,43.279999,43.279999,42.779999,43.029999,42.925461,52900,XPH
875,2020-09-29,42.970001,43.200001,42.869999,42.939999,42.835678,30400,XPH
876,2020-09-30,43.029999,43.919998,43.029999,43.48,43.374367,74900,XPH
877,2020-10-01,43.689999,43.93,43.509997999999996,43.68,43.573879,83900,XPH
878,2020-10-02,43.040001000000004,43.720001,43.040001000000004,43.419998,43.31451,24100,XPH
879,2020-10-05,44.619999,45.59,44.619999,45.540001000000004,45.429363,69900,XPH
880,2020-10-06,45.689999,46.049999,45.23,45.330002,45.219875,47300,XPH
881,2020-10-07,45.57,46.389998999999996,45.400002,46.200001,46.087761,43600,XPH
882,2020-10-08,46.400002,47.32,46.400002,47.209998999999996,47.095306,45600,XPH
883,2020-10-09,47.540001000000004,47.689999,47.349998,47.48,47.364647,38800,XPH
884,2020-10-12,47.740002000000004,47.740002000000004,47.18,47.310001,47.195065,23600,XPH
885,2020-10-13,47.009997999999996,47.25,46.869999,47.09,46.975597,27200,XPH
886,2020-10-14,47.169998,47.220001,46.709998999999996,46.73,46.61647,49500,XPH
887,2020-10-15,46.16,46.610001000000004,46.029999,46.580002,46.466839,25300,XPH
888,2020-10-16,46.5,47.169998,46.5,46.669998,46.556614,24600,XPH
889,2020-10-19,46.700001,46.75,45.990002000000004,46.080002,45.968052,15000,XPH
890,2020-10-20,46.369999,46.369999,45.860001000000004,45.919998,45.808437,23000,XPH
891,2020-10-21,46.0,46.029999,45.299999,45.310001,45.199923999999996,35400,XPH
892,2020-10-22,45.77,46.200001,45.700001,46.099998,45.988003000000006,13000,XPH
893,2020-10-23,46.27,46.450001,46.040001000000004,46.389998999999996,46.277297999999995,24400,XPH
894,2020-10-26,46.189999,46.189999,45.220001,45.57,45.45929,30500,XPH
895,2020-10-27,45.619999,45.66,45.25,45.25,45.140064,32200,XPH
896,2020-10-28,44.619999,44.619999,43.98,44.209998999999996,44.102592,43600,XPH
897,2020-10-29,43.91,44.669998,43.610001000000004,44.509997999999996,44.401863,24000,XPH
898,2020-10-30,44.299999,44.369999,43.720001,44.110001000000004,44.002838,28100,XPH
899,2020-11-02,44.529999,44.669998,44.119999,44.66,44.551497999999995,13600,XPH
900,2020-11-03,45.23,45.400002,45.049999,45.189999,45.080212,16900,XPH
901,2020-11-04,45.939999,47.73,45.939999,47.119999,47.005524,416100,XPH
902,2020-11-05,47.650002,47.650002,46.849998,46.93,46.815987,191400,XPH
903,2020-11-06,46.689999,46.75,46.049999,46.209998999999996,46.097733000000005,33400,XPH
904,2020-11-09,48.599998,48.84,47.689999,47.740002000000004,47.624016,114900,XPH
905,2020-11-10,48.049999,48.5,47.439999,48.34,48.222561,115100,XPH
906,2020-11-11,48.549999,48.75,48.049999,48.240002000000004,48.122807,58000,XPH
907,2020-11-12,48.16,48.16,47.57,47.889998999999996,47.773651,127000,XPH
908,2020-11-13,48.169998,48.779999,48.169998,48.619999,48.501877,34600,XPH
909,2020-11-16,49.130001,49.130001,48.34,48.560001,48.442023999999996,54500,XPH
910,2020-11-17,48.43,48.889998999999996,48.130001,48.77,48.651516,37700,XPH
911,2020-11-18,49.029999,49.169998,47.970001,48.029999,47.913311,47000,XPH
912,2020-11-19,48.099998,48.599998,47.900002,48.560001,48.442023999999996,39100,XPH
913,2020-11-20,48.689999,48.689999,48.150002,48.150002,48.033024,25800,XPH
914,2020-11-23,48.419998,48.419998,47.889998999999996,47.959998999999996,47.843483,32800,XPH
915,2020-11-24,48.099998,48.450001,48.0,48.09,47.973167,38800,XPH
916,2020-11-25,47.77,47.900002,47.5,47.889998999999996,47.773651,54300,XPH
917,2020-11-27,48.119999,48.540001000000004,48.119999,48.470001,48.352245,78100,XPH
918,2020-11-30,48.619999,48.790001000000004,47.68,47.849998,47.733748999999996,63000,XPH
919,2020-12-01,48.32,48.330002,47.869999,48.080002,47.963192,54200,XPH
920,2020-12-02,47.779999,48.099998,47.57,48.099998,47.983143,26700,XPH
921,2020-12-03,48.200001,48.599998,48.0,48.400002,48.282416999999995,16400,XPH
922,2020-12-04,48.630001,49.060001,48.48,49.0,48.880955,35200,XPH
923,2020-12-07,49.169998,49.299999,48.459998999999996,48.560001,48.442023999999996,15000,XPH
924,2020-12-08,48.580002,49.16,48.529999,49.049999,48.930832,49900,XPH
925,2020-12-09,49.290001000000004,49.360001000000004,48.169998,48.490002000000004,48.372196,60700,XPH
926,2020-12-10,48.349998,49.130001,48.349998,48.93,48.811127,47600,XPH
927,2020-12-11,48.77,49.060001,48.240002000000004,48.599998,48.481926,70600,XPH
928,2020-12-14,50.009997999999996,50.419998,49.57,49.669998,49.549328,58900,XPH
929,2020-12-15,49.98,51.18,49.639998999999996,51.150002,51.025734,62100,XPH
930,2020-12-16,51.310001,51.5,50.459998999999996,50.470001,50.347384999999996,65700,XPH
931,2020-12-17,50.380001,50.66,50.169998,50.66,50.536922,44900,XPH
932,2020-12-18,50.889998999999996,50.889998999999996,50.240002000000004,50.650002,50.526947,23500,XPH
933,2020-12-21,49.959998999999996,50.220001,49.439999,50.220001,50.151463,18900,XPH
934,2020-12-22,50.529999,51.130001,50.41,51.029999,50.960353999999995,32200,XPH
935,2020-12-23,51.439999,51.439999,50.959998999999996,51.209998999999996,51.14011,202200,XPH
936,2020-12-24,51.279999,51.720001,51.279999,51.669998,51.59948,13400,XPH
937,2020-12-28,52.130001,52.130001,51.439999,51.439999,51.369797,31500,XPH
938,2020-12-29,51.810001,51.810001,50.939999,51.290001000000004,51.220001,40800,XPH
939,2020-12-30,51.43,51.939999,51.43,51.709998999999996,51.639427000000005,32500,XPH
940,2020-12-31,51.73,52.099998,51.25,52.060001,51.988953,73900,XPH
941,2021-01-04,52.330002,52.330002,51.040001000000004,51.689999,51.619453,75000,XPH
942,2021-01-05,51.48,51.91,51.360001000000004,51.779999,51.709332,42600,XPH
943,2021-01-06,51.580002,52.700001,51.580002,52.259997999999996,52.188675,239100,XPH
944,2021-01-07,52.34,53.57,52.34,53.419998,53.347092,43500,XPH
945,2021-01-08,53.540001000000004,53.889998999999996,52.700001,53.380001,53.307148,25400,XPH
946,2021-01-11,53.32,54.299999,53.32,53.869999,53.796478,44300,XPH
947,2021-01-12,53.959998999999996,54.599998,53.849998,54.049999,53.976234,36800,XPH
948,2021-01-13,54.049999,54.130001,53.619999,53.66,53.586765,40700,XPH
949,2021-01-14,54.189999,54.349998,53.849998,53.990002000000004,53.91631700000001,55600,XPH
950,2021-01-15,53.919998,53.990002000000004,53.23,53.689999,53.616726,23600,XPH
951,2021-01-19,54.240002000000004,54.540001000000004,54.09,54.240002000000004,54.165977000000005,60700,XPH
952,2021-01-20,54.419998,54.450001,53.75,53.91,53.836426,62600,XPH
953,2021-01-21,53.75,53.75,52.889998999999996,53.25,53.177326,30500,XPH
954,2021-01-22,52.880001,53.68,52.799999,53.59,53.516861,33700,XPH
955,2021-01-25,53.75,54.259997999999996,53.509997999999996,54.240002000000004,54.165977000000005,67100,XPH
956,2021-01-26,54.619999,54.790001000000004,53.790001000000004,53.900002,53.826439,162400,XPH
957,2021-01-27,53.279999,53.439999,52.18,52.459998999999996,52.388405,66600,XPH
958,2021-01-28,52.700001,53.32,52.549999,52.549999,52.478279,23600,XPH
959,2021-01-29,52.48,53.369999,51.57,51.889998999999996,51.819183,122300,XPH
960,2021-02-01,52.439999,53.189999,52.27,52.880001,52.80783100000001,72500,XPH
961,2021-02-02,53.75,53.959998999999996,53.389998999999996,53.389998999999996,53.317135,51600,XPH
962,2021-02-03,53.41,54.0,53.310001,53.669998,53.596752,35600,XPH
963,2021-02-04,54.029999,54.169998,53.810001,53.93,53.8564,51900,XPH
964,2021-02-05,54.32,54.32,53.75,54.18,54.106056,33200,XPH
965,2021-02-08,54.23,55.169998,54.23,55.150002,55.074734,38000,XPH
966,2021-02-09,55.330002,55.82,55.310001,55.48,55.404281999999995,40500,XPH
967,2021-02-10,55.84,56.18,54.990002000000004,55.650002,55.574051000000004,58700,XPH
968,2021-02-11,55.939999,56.07,55.290001000000004,55.849998,55.773777,28000,XPH
969,2021-02-12,55.779999,56.200001,55.639998999999996,55.970001,55.893616,39700,XPH
970,2021-02-16,56.32,56.32,55.400002,55.68,55.604012,105900,XPH
971,2021-02-17,55.759997999999996,56.110001000000004,55.400002,56.009997999999996,55.933558999999995,43200,XPH
972,2021-02-18,55.610001000000004,55.869999,55.299999,55.48,55.404281999999995,65300,XPH
973,2021-02-19,55.630001,55.82,55.369999,55.560001,55.484177,20400,XPH
974,2021-02-22,55.330002,55.330002,54.349998,54.450001,54.375690000000006,45300,XPH
975,2021-02-23,54.009997999999996,54.009997999999996,53.029999,53.82,53.746548,119400,XPH
976,2021-02-24,53.939999,55.52,53.939999,55.130001,55.054759999999995,71600,XPH
977,2021-02-25,55.139998999999996,55.25,53.630001,53.84,53.766521,55600,XPH
978,2021-02-26,53.919998,54.139998999999996,52.560001,53.360001000000004,53.287178000000004,64500,XPH
979,2021-03-01,54.119999,54.240002000000004,53.869999,53.939999,53.866383,20200,XPH
980,2021-03-02,53.900002,53.919998,53.369999,53.439999,53.367065000000004,52500,XPH
981,2021-03-03,53.369999,53.369999,52.299999,52.32,52.248596,79700,XPH
982,2021-03-04,51.900002,52.209998999999996,50.439999,51.0,50.930397,107400,XPH
983,2021-03-05,51.43,52.0,49.400002,51.849998,51.779236,83200,XPH
984,2021-03-08,52.189999,52.630001,51.720001,51.82,51.749279,22900,XPH
985,2021-03-09,52.369999,53.540001000000004,52.369999,52.759997999999996,52.687992,88700,XPH
986,2021-03-10,53.220001,53.59,52.990002000000004,52.990002000000004,52.917683,58500,XPH
987,2021-03-11,53.380001,54.220001,53.299999,54.110001000000004,54.036152,72100,XPH
988,2021-03-12,54.02,54.459998999999996,53.75,54.450001,54.375690000000006,19700,XPH
989,2021-03-15,54.5,54.5,53.970001,54.16,54.086082,39900,XPH
990,2021-03-16,54.23,54.41,53.299999,53.630001,53.556808,38400,XPH
991,2021-03-17,53.330002,54.310001,53.240002000000004,54.23,54.155986999999996,51000,XPH
992,2021-03-18,53.77,54.27,52.849998,52.849998,52.77786999999999,17100,XPH
993,2021-03-19,52.889998999999996,53.560001,52.889998999999996,53.490002000000004,53.417,66200,XPH
994,2021-03-22,53.400002,53.400002,52.639998999999996,52.82,52.82,36500,XPH
995,2021-03-23,52.540001000000004,52.540001000000004,50.84,50.970001,50.970001,58700,XPH
996,2021-03-24,51.189999,51.189999,49.560001,49.59,49.59,57600,XPH
997,2021-03-25,49.330002,50.290001000000004,48.919998,50.169998,50.169998,77300,XPH
998,2021-03-26,50.43,50.470001,49.220001,50.110001000000004,50.110001000000004,40800,XPH
999,2021-03-29,49.830002,49.830002,49.150002,49.439999,49.439999,18300,XPH
1000,2021-03-30,49.540001000000004,49.830002,48.919998,49.779999,49.779999,45800,XPH
1001,2021-03-31,49.790001000000004,50.540001000000004,49.790001000000004,50.349998,50.349998,60600,XPH
1002,2021-04-01,50.630001,50.73,50.18,50.25,50.25,163200,XPH
1003,2021-04-05,50.639998999999996,50.639998999999996,50.0,50.16,50.16,61100,XPH
